"ID","control_rep1","control_rep2","control_rep3","exper_rep1","exper_rep2","exper_rep3","padj","log2FoldChange","pvalue","foldChange","log10padj"
"Eif4ebp2",916.817098340017,941.366704297363,851.343238464562,483.130521762567,349.561192003322,519.474098205336,1.33044136698392e-10,-1.00277710510598,3.18094554294035e-12,0.49903845446971,9.87600426020048
"Rps6ka3",43.8477742684356,66.4610844972848,32.8973382544854,16.0375276933632,15.9799402058661,18.9443529095996,0.000304063666537404,-1.49074963476958,5.29553278248635e-05,0.35582761025785,3.51703547188165
"Slc13a3",592.941492948163,688.417800613667,472.525404018972,260.609825017153,283.643938654124,322.053999463193,1.73889725306051e-09,-1.0175965095751,5.80913845286733e-11,0.493938555277516,8.75972607857644
"Nr2c2",194.325363235112,196.407384036752,174.455581652574,97.2275116410146,43.9448355661319,66.8037707864827,6.08910432872566e-09,-1.44258192460589,2.4081203559932e-10,0.367908286343313,8.21544658482186
"Zfhx2",187.349580965134,202.359122946957,166.480469348456,95.2228206793442,64.9185070863311,61.8184147576407,3.00275424019677e-09,-1.32556933231293,1.07197318326848e-10,0.398991707574543,8.52248021108907
"Bcl6",274.048589177723,362.064117037447,235.265812971471,142.333058278599,145.816954378528,115.660259869134,4.32741684734959e-08,-1.10976862760683,2.23935760871607e-09,0.463368337740234,7.36377126847491
"C78339",286.007073069114,324.369770606151,263.178706035883,115.269730296048,79.8997010293306,143.578253630649,6.65162017375716e-11,-1.36667137053585,1.43238852509468e-12,0.387784926093834,10.1770725581824
"Gpr17",40.8581532955877,36.7023899462618,24.9222259503677,13.0304912508576,6.99122384006643,8.97364085191558,0.000180012306681142,-1.82192797865755,2.9360887161945e-05,0.282842735261663,3.7446978030022
"Sepsecs",254.11778269207,288.659337144924,227.290700667354,100.23454808352,83.8946860807972,187.449386684459,3.61783079634222e-05,-1.05119876268964,4.73372112712263e-06,0.48256702372937,4.44155174867943
"Mgat5",47.8339355655661,56.5415196469438,36.8848944065442,9.02110932751682,5.9924775771998,14.956068086526,4.3340681813541e-07,-2.23655328306384,3.11933671613056e-08,0.212192668717329,6.36310426086278
"Glg1",286.007073069114,290.643250114992,215.328032211177,94.220475198509,73.9072234521309,132.610470367197,4.0396772331671e-10,-1.39687906939618,1.13453638825539e-11,0.379749752771853,9.39365333326917
"Cgnl1",1084.2358728195,1119.9188716035,833.399235780297,484.132867243403,364.542385946321,547.392091966851,4.64392460177672e-11,-1.12154816582798,9.77228054250894e-13,0.459600360327319,10.3331148400313
"Gm8898",33.8823710256093,40.6702158863982,32.8973382544854,20.046909616704,11.9849551543996,18.9443529095996,0.0126866470900154,-1.07597734217869,0.0041104611917785,0.474349607269532,1.89665314092406
"Slc22a26",19.9308064856525,75.3886928625918,30.903560178456,7.01641836584642,13.9824476801329,8.97364085191558,0.000153852357339263,-2.0743706507248,2.44395845485998e-05,0.237439086099218,3.81289584506754
"Map2k6",27.9031290799136,44.6380418265346,50.8413409387502,18.0422186550336,13.9824476801329,15.9531392922944,0.00137947402887231,-1.3628543509321,0.000306775686761418,0.388812268984969,2.86028647149768
"Tnrc6b",545.107557382597,528.712806523176,444.61251095456,234.548842515437,189.76178994466,230.3234485325,1.70969058296234e-14,-1.21386244005421,1.24590568970481e-16,0.43111287685524,13.7670824804097
"4932438A13Rik",790.256477156123,776.701927781702,581.186309162576,302.708335212231,242.695341876592,298.124290524751,1.64411345765762e-16,-1.34862044111726,6.66627724801911e-19,0.392667352668804,15.7840682157896
"Chic1",49.8270162141314,68.444997467353,53.8320080527943,17.0398731741984,19.9749252573327,30.9092073788203,0.000216940421029187,-1.34105326157365,3.62899598921337e-05,0.394732370308363,3.66365952131725
"Mtmr9",236.180056854983,251.956947198662,220.312477401251,98.2298571218498,79.8997010293306,125.630971926818,1.58308526265367e-09,-1.22167331101624,5.24973005301513e-11,0.428785102944624,8.800495694043
"C230091D08Rik",143.501806696698,176.56825433607,177.446248766618,82.1923294284866,63.9197608234645,83.7539812845454,3.63278675213833e-07,-1.11400164151158,2.56311305304044e-08,0.462010760543053,6.43976009486719
"Mug-ps1",1872.49926932706,1758.73884796546,1279.00863577287,713.669982354664,471.408236073051,549.386234378387,2.2324580311585e-17,-1.50135156521316,7.12894974332117e-20,0.353222324992521,16.6512166968325
"Uhmk1",111.612516319654,127.962386569399,91.7137914973533,23.0539460592097,18.976178994466,38.8857770249675,2.1255987356782e-11,-2.03335759690996,3.91598882770487e-13,0.244285883617902,10.6725187169193
"Slfn9",34.878911349892,24.7989121258526,14.9533355702206,13.0304912508576,3.99498505146653,9.97071205768398,0.0122665684096716,-1.46737764705577,0.00393920259581855,0.361639044635022,1.91127691479411
"AK047931",39.8616129713051,42.6541288564664,25.9191149883824,24.0562915400449,9.98746262866633,10.9677832634524,0.00727490865067856,-1.26916477461047,0.00212951759814754,0.414899903102634,2.13817245564175
"Chrnb2",37.8685323227398,35.7104334612277,34.8911163305148,15.035182212528,17.9774327315994,20.9384953211364,0.0162297626025902,-1.00735427799032,0.00549762776442443,0.49745768682233,1.78968783267772
"Slc41a2",669.675097917926,650.723454182371,678.881434888017,255.598097612977,165.791879635861,207.390810799827,4.87545196366298e-25,-1.66894936374582,3.99201831135919e-28,0.314482280582889,24.3119851181754
"Cfh",16300.4100842909,17932.5893364465,16434.7126807105,9358.89975455828,6187.23309845879,7014.39593258068,2.03735743315874e-15,-1.16727113909187,1.15104939726482e-17,0.445262760069107,14.6909327718683
"1810046K07Rik",18.9342661613699,31.7426075210913,28.9097821024266,15.035182212528,8.9887163657997,5.98242723461039,0.0090407919055958,-1.40799948893652,0.00274385406162185,0.376833860880032,2.0437935269176
"2210018M11Rik",79.7232259426102,91.2599966231374,68.7853436230149,50.1172740417601,29.962387885999,31.9062785845887,0.000351057751666431,-1.09872144930265,6.29794099648857e-05,0.466930117048655,3.45462143291619
"Lpp",889.910509584386,907.640183806203,724.738330636694,385.903010121553,261.671520871058,327.039355492035,5.29721052370083e-17,-1.37190321153188,1.86506224939929e-19,0.386381195748756,16.2759527668294
"Saa1",13767.2045799645,16085.566361313,10685.6535984797,6533.28784408385,4307.59263174379,4387.11330538095,2.56227008180428e-15,-1.4125719449817,1.46859007390731e-17,0.375641419938254,14.5913750943981
"Pdpr",144.498347020981,153.753255180286,100.685792839486,36.0844373100673,23.9699103087992,51.8477026999567,3.11757906864645e-10,-1.83383265730125,8.52592654489408e-12,0.280518406450724,9.50618252304866
"Tanc2",77.7301452940449,72.4128234074895,57.8195642048531,38.0891282717377,29.962387885999,33.9004209961255,0.000944357276999777,-1.02857076708061,0.000198103933814249,0.490195529729629,3.02486366875865
"Lin7a",459.405089494291,544.584110283722,461.55962460081,233.546497034602,189.76178994466,261.23265591132,2.01585782016563e-11,-1.09824857553646,3.64778988173752e-13,0.467083188339855,10.695540102234
"Nav2",819.15614656032,685.441931158565,528.351190147796,306.717717135572,284.64268491699,322.053999463193,1.36440463846158e-11,-1.15423214660091,2.27903501388817e-13,0.44930525898751,10.8650568128246
"Rapgef5",29.8962097284788,37.6943464312959,27.9128930644119,16.0375276933632,12.9837014172662,14.956068086526,0.0137250430292806,-1.11901063897559,0.00451198893455403,0.46040945335761,1.86248628532233
"Eif2c2",170.408395452329,178.552167306138,108.660905143603,42.0985101950785,41.9473430403986,67.8008419922511,5.93508939660322e-09,-1.59139566701815,2.3326315486527e-10,0.331850265361059,8.22657273514931
"Ndst1",1819.68263214008,1814.28841112737,1710.66158923324,840.967858420735,635.202623183179,930.267434981915,1.97335044328575e-15,-1.15118932622877,1.08997953935426e-17,0.450253898803624,14.7047957824263
"AK142627",18.9342661613699,23.8069556408184,11.9626684561765,5.01172740417601,5.9924775771998,7.97656964614719,0.0180266516736169,-1.52700895029634,0.0062376672375915,0.346996027028051,1.74408493299548
"Akap17b",54.8097178355445,47.6139112816369,47.850673824706,24.0562915400449,18.976178994466,27.9179937615151,0.00275996189416335,-1.08262402848507,0.000683606380892831,0.472169242545323,2.55909691404668
"Cdon",29.8962097284788,24.7989121258526,18.9408917222795,9.02110932751682,10.986208891533,11.9648544692208,0.0225989301895262,-1.20342169655595,0.00814175819486739,0.434244145423861,1.64591211942704
"Trim2",344.802952201789,311.474336300708,273.14759641603,130.304912508576,113.857073966796,162.522606540249,1.79824192314173e-10,-1.19236125898753,4.50554350676631e-12,0.437586077101529,9.74515188166967
"Sik2",126.560621183894,135.898038449672,84.7355682312503,46.1078921184193,36.9536117260654,51.8477026999567,7.72269523039808e-07,-1.36381541569454,5.99452638861654e-08,0.388553344316318,6.11223110388597
"Sesn3",62.7820404298055,45.6299983115687,44.8600067106619,23.0539460592097,15.9799402058661,24.92678014421,0.000757278127493595,-1.26077654892763,0.000153278599129138,0.417319271851136,3.12074458674599
"Akap9",573.010686462511,571.366935379643,477.509849209046,321.7528993481,223.719162882126,229.326377326732,5.22243363467332e-10,-1.06590282287941,1.51374887961545e-11,0.477673642271333,9.28212707021377
"Pcgf3",228.207734260722,251.956947198662,199.377807602942,113.265039334378,88.8884173951303,127.625114338355,2.18769697240311e-07,-1.04309335134909,1.44019353624179e-08,0.485285832854821,6.66001283422492
"Usp49",52.8166371869792,40.6702158863982,48.8475628627208,17.0398731741984,14.9811939429995,29.9121361730519,0.00230921413999489,-1.20009146046908,0.000556079487900186,0.435247687999763,2.63653579185288
"Vcpip1",338.823710256093,355.120421642209,275.14137449206,156.365895010292,107.864596389596,168.505033774859,3.26174767825244e-09,-1.16317627609221,1.17244512466456e-10,0.446528363651585,8.4865496380784
"Birc6",1095.19781638661,1116.9430021484,923.119249201621,513.200886187623,423.468415455452,500.529745295736,3.83330935430564e-16,-1.12535472201876,1.75767889823234e-18,0.458389301474296,15.4164261310596
"Ntrk2",118.588298589633,67.4530409823189,41.8693395966178,17.0398731741984,12.9837014172662,19.941424115368,1.09636052678243e-07,-2.18939310003148,6.4544601552163e-09,0.219243640374494,6.96004660913142
"Ipo7",678.643960836469,737.023668380338,580.189420124561,328.769317713946,243.694088139458,415.778692805422,4.00423946303115e-08,-1.01406085890724,2.05572598323142e-09,0.495150548006119,7.3974799585745
"Adam11",220.235411666461,192.439558096616,197.384029526912,50.1172740417601,27.9648953602657,54.8389163172619,2.54591335034803e-20,-2.19837563397337,4.79456374830137e-23,0.217882822428467,19.5941563815567
"Dsg1c",60.7889597812403,59.5173891020461,58.8164532428679,20.046909616704,11.9849551543996,25.9238513499784,6.1762644094573e-06,-1.62781102827584,6.37197507239515e-07,0.323578794883918,5.20927411987597
"Alkbh8",44.8443145927182,47.6139112816369,29.9066711404413,14.0328367316928,17.9774327315994,23.9297089384416,0.00705828932568259,-1.12904611706903,0.00205656057524822,0.457217929126264,2.15130054348638
"Xpnpep3",127.557161508176,126.970430084365,98.6920147634562,57.1336924076065,32.9586266745989,60.8213435518723,6.69484206339771e-06,-1.22691237883566,7.00565639648103e-07,0.427230817248474,5.17425966388034
"Hivep2",126.560621183894,141.849777359877,131.589353017942,70.1641836584642,53.9322981947982,64.8096283749459,2.65817765566941e-06,-1.08244515950167,2.41593154654306e-07,0.472227786912491,5.57541599694536
"9930111J21Rik1",46.8373952412835,42.6541288564664,21.9315588363236,14.0328367316928,9.98746262866633,6.97949844037879,0.000170737189437048,-1.84629429887016,2.75684711020927e-05,0.278105792882351,3.7676718719247
"Cpeb4",307.930960203332,291.635206600026,193.396473374854,66.1548017351233,45.9423280918651,100.704191782608,3.37336999470023e-13,-1.89763503984076,3.45862232192153e-15,0.268382956144671,12.4719360223316
"Cog5",100.650572752545,118.042821719058,88.7231243833091,35.0820918292321,37.9523579889321,52.8447739057251,2.9276328843484e-06,-1.2880215796026,2.69918498958184e-07,0.409512223465499,5.53348338331641
"AK011498",17.9377258370873,21.8230426707502,16.9471136462501,7.01641836584642,0.998746262866633,1.9941424115368,0.000513648355253572,-2.50380226491905,9.76575354866777e-05,0.176311408560537,3.28933409819608
"Fam59a",382.671484524529,335.281291941526,312.026268898604,184.431568473677,111.859581441063,146.569467247955,3.23765062080675e-10,-1.21780517339092,8.90910339625285e-12,0.42993629931035,9.4897700183505
"Kalrn",370.713000633137,396.782594013641,426.668508270296,165.387004337808,179.774327315994,238.300018178647,2.52143337065361e-09,-1.03317288951393,8.85691407525095e-11,0.488634322795682,8.59835250366578
"Aak1",255.114323016353,271.796076899344,230.281367781398,132.309603470247,117.852059018263,122.639758309513,1.1294138699506e-08,-1.02233905819654,4.85500926655255e-10,0.492317504752886,7.94714688314242
"Ildr2",916.817098340017,1108.01539378309,897.200134213238,323.75759030977,307.613848962923,358.945634076623,1.0272674244912e-28,-1.56101487547079,5.04675718246719e-32,0.338912587191362,27.9883164835086
"Mgam",1396.15299431996,1436.35299032938,1187.29484427552,584.367415326923,452.432057078585,554.371590407229,1.37815995599805e-21,-1.33706732283608,1.80549900073437e-24,0.395824461501026,20.8607003731572
"Mll1",407.584992631595,405.710202378948,287.104042948236,188.440950397018,163.794387110128,170.499176186396,3.92384419225954e-09,-1.07395840355611,1.44256615272622e-10,0.475013887057857,8.4062882458857
"Mfsd4",123.571000211046,142.841733844911,109.657794181618,45.1055466375841,30.9611341488656,54.8389163172619,9.59276519543794e-09,-1.52248245246248,4.00582186987092e-10,0.348086446916684,8.01805618573681
"Gbp6",407.584992631595,577.318674289847,314.020046974633,170.398731741984,226.715401670726,251.261943853636,5.48117777254561e-06,-1.00240218960796,5.56098011612984e-07,0.499168157253821,5.26112611210704
"Nrip1",88.6920888611538,76.3806493476259,76.7604559271326,39.0914737525729,21.9724177830659,43.8711330538095,0.000102520744985407,-1.20448712969846,1.53643023528726e-05,0.433923573649195,3.98918824659747
"Zfp398",40.8581532955877,34.7184769761936,38.8786724825737,20.046909616704,10.986208891533,11.9648544692208,0.00111160864731854,-1.41282298460962,0.000238468407105099,0.375576061234184,2.95404808345987
"Ar",38.8650726470225,39.6782594013641,23.925336912353,5.01172740417601,3.99498505146653,10.9677832634524,8.48066916393518e-06,-2.35845174346098,9.13826301460631e-07,0.195000301070818,5.07156987855239
"Ern1",326.865226364702,367.023899462618,306.044934670516,111.260348372707,83.8946860807972,145.572396042186,8.98175729303284e-15,-1.55316329762594,5.80986511217223e-17,0.340762079020207,14.0466386847131
"Alg10b",247.142000422092,252.948903683696,240.250258161545,104.243930006861,61.9222682977313,95.7188357537662,4.20221295656693e-13,-1.49936575823896,4.50740929591638e-15,0.353708854926407,12.3765219425254
"Ank2",28.8996694041962,30.7506510360572,31.9004492164707,12.0281457700224,10.986208891533,13.9589968807576,0.00505690121110559,-1.30800682634064,0.0013978628091945,0.403878477785143,2.29611553042733
"Palld",380.678403875964,384.879116193232,306.044934670516,135.316639912752,96.8783874980634,171.496247392164,4.9315200805652e-12,-1.40841194145538,7.10675128289098e-14,0.376726143132744,11.3070191941411
"Itpr2",302.948258581919,335.281291941526,261.184927959854,145.340094721104,98.8758800237967,134.604612778734,9.86925428716695e-11,-1.24758371422728,2.23842089375685e-12,0.421152981833257,10.0057156610288
"Ddi2",2022.97685829373,2079.14079263148,1475.39577626177,908.125005636693,595.252772668513,845.516382491602,9.95283962978529e-13,-1.24766350756314,1.20610846246477e-14,0.421129689126853,12.002052993666
"AK016283",99.6540324282627,104.155430928581,43.8631176726472,30.0703644250561,26.9661490973991,20.9384953211364,5.00383468591302e-06,-1.66764846629197,4.973925578235e-07,0.31476598135926,5.30069704673675
"Abca8b",557.066041273989,550.535849193927,499.441408045369,228.534769630426,181.771819841727,258.241442294015,2.88804804229314e-15,-1.26529285604612,1.67896021454854e-17,0.416014910942687,14.5393955866117
"Aox3",6579.15922091391,6978.41387221491,6658.22188490024,3028.08569760315,2460.91079170338,2883.52992708221,3.67004303208898e-29,-1.27175475807172,1.20201196498452e-32,0.41415572649858,28.4353288435165
"Pttg1",210.270008423634,259.892599078935,206.356030869045,57.1336924076065,42.9460893032652,66.8037707864827,6.39182341926471e-20,-2.01929709502273,1.30840567822499e-22,0.246678332629147,19.1943752313627
"A630007B06Rik",55.8062581598271,53.5656501918415,33.8942272925001,19.0445641358688,13.9824476801329,11.9648544692208,4.58278332063277e-05,-1.67138633023231,6.18392443494866e-06,0.313951512927144,4.33887067622197
"Yod1",109.619435671089,136.889994934706,124.611129751839,61.1430743309473,41.9473430403986,54.8389163172619,7.28033591846284e-07,-1.23277690793125,5.59750710508197e-08,0.425497656768062,6.13784858165275
"Map3k13",147.487967993829,150.777385725184,106.667127067574,50.1172740417601,33.9573729374655,66.8037707864827,1.68685682487855e-07,-1.42424542973259,1.0745718576562e-08,0.372614202579223,6.77292177740136
"Gna14",46.8373952412835,55.5495631619097,54.828897090809,23.0539460592097,23.9699103087992,28.9150649672835,0.00273804324760875,-1.04974165254475,0.000676159701530172,0.483054658673026,2.56255969643231
"Utrn",408.581532955877,436.460853415005,375.827167331545,211.494896456228,175.779342264527,201.408383565216,2.26929714208394e-11,-1.05241282582133,4.29221026628503e-13,0.482161102606757,10.6441086338117
"Bach2",121.577919562481,102.171517958513,99.6889038014709,51.1196195225953,45.9423280918651,59.8242723461039,4.13203935466639e-05,-1.04367446939923,5.50803248128788e-06,0.485090398920376,4.38383555079398
"Gm4956",82.7128469154581,92.2519531081715,41.8693395966178,16.0375276933632,23.9699103087992,19.941424115368,8.40361614625435e-07,-1.85476257176362,6.57248087162523e-08,0.276478160347012,6.07553379317361
"AK031165",32.8858307013267,33.7265204911595,13.9564465322059,10.023454808352,5.9924775771998,12.9619256749892,0.00851191993939432,-1.47533423419876,0.00256153106007599,0.35965006396388,2.06997246987548
"Mycbp2",410.574613604442,453.324113660585,334.954716772942,201.471441647876,187.764297418927,171.496247392164,1.16137193409261e-10,-1.09637854031382,2.73868105312921e-12,0.467689018628959,9.93502867340859
"Klf9",1186.87952622061,1191.33973852596,1313.89975210339,698.634800142136,459.423280918651,615.192933959102,8.09700673821427e-12,-1.05807945081932,1.25303715182387e-13,0.480270982191672,11.09167549931
"Lnpep",171.404935776612,179.544123791172,104.673348991544,53.1243104842657,43.9448355661319,63.8125571691775,1.69276538194132e-08,-1.50185477192246,7.77566019216477e-10,0.353099143832139,7.7714032311345
"AK085685",33.8823710256093,42.6541288564664,25.9191149883824,20.046909616704,9.98746262866633,7.97656964614719,0.00319739101428231,-1.43132296349972,0.000810277997969683,0.370790718498964,2.4952042498837
"Vps13c",573.010686462511,566.407152954472,406.730727510001,154.361204048621,108.863342652463,167.507962569091,2.19680487264924e-21,-1.84383725557378,3.77736038038434e-24,0.278579836364914,20.6582085168142
"Gpr12",11.9584838913915,17.8552167306138,13.9564465322059,3.00703644250561,0.998746262866633,2.99121361730519,0.0011337230952315,-2.64547655403708,0.000243769495462043,0.159820396732479,2.94549300619967
"Fat1",511.225186356988,483.082808211608,412.71206173809,216.506623860404,150.810685692862,171.496247392164,1.17279062005325e-15,-1.38490473137267,6.04976738420986e-18,0.382914784285605,14.9307795161642
"Trhde",18.9342661613699,31.7426075210913,22.9284478743383,6.01407288501121,7.98997010293307,10.9677832634524,0.0049607036361439,-1.5592948354929,0.00136436612738945,0.339316893593577,2.30445671794103
"Arhgap5",686.61628343073,828.283665003475,616.07742549309,378.886591755706,269.661490973991,340.001281167024,2.92802243195097e-11,-1.10820467287433,5.75391290975381e-13,0.463870924929451,10.5334256004158
"AK049600",206.283847126504,192.439558096616,111.651572257647,85.1993658709922,51.9348056690649,45.8652754653463,2.16046662288572e-07,-1.4800356502482,1.42049840184822e-08,0.358479953543326,6.66545243872953
"Zhx3",328.858307013267,347.184769761936,263.178706035883,146.34244020194,109.86208891533,125.630971926818,4.24994552172823e-12,-1.2986483012798,5.98534864273524e-14,0.406506886746872,11.3716166369531
"Heg1",61.7855001055229,62.4932585571484,67.7884545850002,24.0562915400449,26.9661490973991,37.8887058191991,0.000648154954789085,-1.11089171899522,0.000128484659423923,0.463007760855753,3.18832115467732
"BC147413",27.9031290799136,31.7426075210913,12.9595574941912,8.01876384668162,4.99373131433317,3.98828482307359,0.000703991925032442,-2.09524231245155,0.000141052013473707,0.234028751511346,3.15243232229818
"Eif2c3",52.8166371869792,65.4691280122507,33.8942272925001,13.0304912508576,14.9811939429995,24.92678014421,0.000221363221033606,-1.52318226194624,3.71023101167438e-05,0.347917641230705,3.65489453444651
"AW011738",16.9411855128047,24.7989121258526,18.9408917222795,8.01876384668162,8.9887163657997,5.98242723461039,0.0179395599049643,-1.40055254072846,0.00620165576997946,0.378784042567239,1.74618821531589
"N4bp2",239.169677827831,276.755859324514,195.390251450883,77.1806020243106,49.9373131433317,68.7979131980195,7.48358091511303e-17,-1.86043649585739,2.75739901072698e-19,0.275392944610399,16.1258905412348
"Sh3pxd2a",626.823863973773,535.656501918415,448.600067106619,258.605134055482,238.700356825125,277.185795203615,8.94096380396471e-11,-1.05669742805181,1.99859421803191e-12,0.480731275899317,10.0486156632866
"mKIAA1554",22.9204274585004,18.8471732156479,13.9564465322059,5.01172740417601,0.998746262866633,3.98828482307359,0.000526457302121964,-2.47898191945046,0.000100868753538475,0.179370939774814,3.27863684613999
"Syne1",455.418928197161,410.669984804118,384.799168673678,184.431568473677,157.801909532928,213.373238034437,1.85196597441394e-12,-1.1707752852791,2.39589473476953e-14,0.444182578578367,11.7323669967362
"Huwe1",2228.26416509595,2296.37926285395,1685.73936328287,1068.50028257033,820.969428076372,942.232289451136,5.21242498868271e-14,-1.13303979671279,4.39596965392876e-16,0.455954005104632,13.2829601818476
"Ncam2",25.9100484313483,40.6702158863982,28.9097821024266,12.0281457700224,7.98997010293307,11.9648544692208,0.00114207215466049,-1.57830143622244,0.000246125760342782,0.334875924432443,2.94230645705254
"Acss3",305.937879554767,290.643250114992,220.312477401251,99.232202602685,69.9122384006643,158.534321717175,1.44181806789839e-07,-1.31776545063824,8.92503446598858e-09,0.401155796672728,6.84108953649077
"Mapk8",197.31498420796,244.021295318389,203.365363755001,86.2017113518274,72.9084771892642,100.704191782608,1.6760622389932e-10,-1.3111593374621,4.1308010639233e-12,0.402996904572416,9.77570985828961
"Sos1",552.083339652576,589.222152110257,464.550291714855,291.682534923044,241.696595613725,267.215083145931,8.56679217194541e-11,-1.00427136007543,1.90794028557206e-12,0.498521848650475,10.0671817688377
"Slc30a10",472.360113709965,406.702158863982,371.839611179487,160.375276933632,161.796894584395,168.505033774859,9.92994853318874e-17,-1.35009685149105,3.90270637511716e-19,0.39226571434993,16.0030530024422
"F830016B08Rik",420.540016847269,411.661941289152,189.408917222795,117.274421257719,78.900954766464,78.7686252557035,5.18529346457764e-05,-1.89370056912196,7.07760927327513e-06,0.269115880311866,4.28522665944079
"Plxna2",288.996694041962,260.884555563969,213.334254135148,89.208747794333,84.8934323436638,101.701262988377,1.06649639450568e-13,-1.46841166836357,9.95501424495597e-16,0.361379940325657,12.9720406084273
"Med13",553.079879976858,542.600197313654,474.519182095002,280.656734633857,224.717909144992,249.2678014421,3.08552980407001e-12,-1.05715142264851,4.26966786938371e-14,0.480580020741971,11.510670254247
"Sprtn",56.8027984841098,50.5897807367392,55.8257861288237,28.0656734633857,19.9749252573327,27.9179937615151,0.00147831837064476,-1.10351984333197,0.000332388622434332,0.465379690394809,2.83023202620872
"Abcb1a",50.823556538414,58.525432617012,51.8382299767649,23.0539460592097,21.9724177830659,30.9092073788203,0.00190105879452735,-1.08578890185008,0.000443627082977396,0.471134569302762,2.7210044513913
"BC075659",26.9065887556309,23.8069556408184,20.9346697983089,11.0258002891872,6.99122384006643,13.9589968807576,0.0298391874319283,-1.16384507909942,0.0113390378180283,0.446321410488818,1.52521300756112
"Herc2",473.356654034248,488.042590636778,413.708950776104,209.490205494557,174.780596001661,250.264872647868,2.94240025976634e-11,-1.11575153402611,5.80625941704485e-13,0.461450712135532,10.5312982497648
"Atp11a",511.225186356988,481.098895241539,367.852055027428,198.46440520537,161.796894584395,212.376166828669,2.19767811302427e-12,-1.24811456537937,2.91512203643602e-14,0.42099804374016,11.6580359169964
"Trim56",119.584838913915,112.091082808854,70.7791216990444,31.0727099058913,20.9736715201993,31.9062785845887,3.06779714228956e-09,-1.84917320701336,1.09770519215634e-10,0.277551384155754,8.51317336144307
"Arl5b",141.508726048133,176.56825433607,114.642239371692,47.1102375992545,39.9498505146653,62.8154859634091,4.41255127513806e-09,-1.52964306772961,1.65113889522484e-10,0.346363048931379,8.35531023494573
"Cyb5d1",69.7578226997839,78.3645623176941,59.8133422808826,29.0680189442209,19.9749252573327,38.8857770249675,0.000176458402121898,-1.24168550810704,2.86945375103651e-05,0.422878316534826,3.75335765774436
"Il6ra",417.550395874421,530.696719493245,683.865880078091,322.755244828935,203.744237624793,260.235584705552,2.77389208559514e-07,-1.05284318856162,1.87833354195299e-08,0.482017293124616,6.55691043855552
"Kif13b",372.706081281703,329.329553031322,266.169373149927,114.267384815213,89.887163657997,132.610470367197,2.11702986871147e-14,-1.52354315445811,1.56008096441523e-16,0.347830619951369,13.6742730145715
"Klhl28",30.8927500527614,42.6541288564664,30.903560178456,14.0328367316928,9.98746262866633,18.9443529095996,0.0046928848190249,-1.28160035838553,0.00127303098382294,0.411338963770557,2.32856010487035
"Eml6",23.9169677827831,21.8230426707502,14.9533355702206,3.00703644250561,2.9962387885999,12.9619256749892,0.0118303292348954,-1.67731630952584,0.00376908303062131,0.31266371128932,1.92700316890472
"Gm3219",220.235411666461,239.061512893219,249.222259503677,41.0961647142433,33.9573729374655,38.8857770249675,1.13718154733771e-34,-2.63662055174025,1.86224768253126e-38,0.160804473613441,33.9441701960748
"Eda",25.9100484313483,37.6943464312959,43.8631176726472,12.0281457700224,13.9824476801329,13.9589968807576,0.00153000357519658,-1.42683810239708,0.00034563824318082,0.371945177533157,2.81530755435473
"Utp14b",33.8823710256093,36.7023899462618,22.9284478743383,16.0375276933632,14.9811939429995,12.9619256749892,0.0192762082551997,-1.08857004869712,0.00675685315160156,0.47022721727074,1.71497839033952
"Nr3c2",134.532943778155,146.809559785047,139.564465322059,54.1266559651009,33.9573729374655,70.7920556095563,5.58641202593546e-08,-1.40552537164632,3.00064381316111e-09,0.37748065804896,7.25286703605515
"Gm14305",38.8650726470225,57.5334761319779,28.9097821024266,14.0328367316928,10.986208891533,10.9677832634524,6.33998196269703e-05,-1.80037211792818,8.85383696713305e-06,0.287100526643649,4.19791197768803
"F5",8969.85945886793,8818.49315195317,7047.00860972598,4711.02375992545,3247.92284684229,3547.57935012396,4.60749999187342e-13,-1.10995305005603,5.01758371341329e-15,0.463309108270687,12.3365346568749
"Zbtb38",100.650572752545,113.083039293888,74.7666778511032,28.0656734633857,22.9711640459326,34.8974922018939,7.05702956465404e-09,-1.74725900277647,2.83714199315904e-10,0.29786716363163,8.15137806313279
"Fam13b",306.934419879049,281.715641749685,249.222259503677,150.35182212528,102.870865075263,132.610470367197,4.60967041779309e-09,-1.11884592301747,1.72867358662838e-10,0.460462022411696,8.33633012468641
"Spen",452.429307224313,402.734332923845,327.976493506839,223.52304222625,144.818208115662,186.45231547869,1.14533328808112e-08,-1.09268881972453,4.95157599366928e-10,0.468886673237923,7.94106811671947
"Alms1",25.9100484313483,23.8069556408184,16.9471136462501,13.0304912508576,5.9924775771998,6.97949844037879,0.0183509473537161,-1.35886814509246,0.00637692791035544,0.389888053440388,1.73634151071046
"Ston1",51.8200968626966,44.6380418265346,45.8568957486766,29.0680189442209,12.9837014172662,25.9238513499784,0.0062447414493521,-1.06613479113657,0.00178245874825525,0.477596844187504,2.20448553798547
"Smg1",824.138848181733,882.841271680351,681.872102002061,373.87486435153,316.602565328723,364.928061311234,1.39430273487744e-15,-1.17856239201272,7.30658929273365e-18,0.44179151259922,14.8556429207771
"Fat4",16.9411855128047,20.8310861857161,16.9471136462501,8.01876384668162,4.99373131433317,7.97656964614719,0.0258850833238733,-1.38259970772801,0.00956516671093426,0.383527064135809,1.58695043268946
"Exoc4",208.276927775069,267.828250959208,176.449359728604,83.1946749093218,77.9022085035974,130.61632795566,1.1352700530586e-06,-1.16148022751612,9.15615329781971e-08,0.44705361612245,5.94490081811603
"Xpo4",38.8650726470225,50.5897807367392,46.8537847866913,18.0422186550336,11.9849551543996,23.9297089384416,0.000824017662537726,-1.33693598960457,0.000169418517205619,0.395860496331961,3.08406347924893
"Rest",120.581379238198,98.2036920183761,80.7480120791915,34.0797463483969,24.9686565716658,44.8682042595779,2.79534765198309e-07,-1.52716590176937,1.89743978014737e-08,0.346958279220167,6.5535641720535
"Taf4b",34.878911349892,28.766738065989,26.9160040263972,15.035182212528,8.9887163657997,17.9472817038312,0.0199419050644198,-1.10942378383149,0.00702938682570436,0.463479108749365,1.70023335558079
"Aff1",466.38087176427,458.283896085755,353.895608495222,219.513660302909,197.751760047593,185.455244272922,1.03384701092747e-10,-1.08504754047412,2.37870310382887e-12,0.471376734639847,9.98554372354945
"Lass6",114.602137292502,131.930212509536,91.7137914973533,49.1149285609249,31.9598804117323,52.8447739057251,1.20431196848083e-06,-1.33681017590754,9.80173664676941e-08,0.39589501980565,5.91926099759658
"Clock",504.249404087009,509.865633307528,369.845833103457,214.501932898733,167.789372161594,221.349807680584,2.50853571464491e-11,-1.19707977832905,4.78579236479379e-13,0.43615723354179,10.600579711434
"Pik3r1",1182.89336492348,1253.83299708311,1254.0864098225,554.297050901867,551.307937102382,711.908840918636,4.87778505497398e-14,-1.02193414709958,4.03386793214093e-16,0.492455699445614,13.3117773412702
"Nt5e",190.339201937982,181.528036761241,150.530244740221,77.1806020243106,63.9197608234645,95.7188357537662,2.83570953481206e-07,-1.14130707767624,1.93007143478001e-08,0.453348658922722,6.54733825652452
"Crebbp",234.186976206417,239.061512893219,207.35291990706,119.279112219389,74.9059697149975,89.7364085191558,1.16186781590189e-09,-1.26152125706926,3.7482675793445e-11,0.41710391042478,8.93484327821921
"D930016D06Rik",127.557161508176,138.873907904774,94.7044586113974,35.0820918292321,31.9598804117323,50.8506314941883,5.36303438292122e-09,-1.61495414675916,2.06388779167524e-10,0.326475322987088,8.27058941872496
"Rdh18-ps",169.411855128047,167.640645970763,107.664016105589,73.1712201009698,53.9322981947982,77.7715540499351,1.05960147341426e-05,-1.11821154911296,1.17299696393686e-06,0.460664538753397,4.97485744647217
"Celsr1",155.46029058809,160.696950575525,157.508468006324,54.1266559651009,50.9360594061983,67.8008419922511,7.10070252035488e-11,-1.45412695219485,1.54381550984304e-12,0.364975884629671,10.1486986814753
"Prdm10",33.8823710256093,37.6943464312959,45.8568957486766,11.0258002891872,8.9887163657997,25.9238513499784,0.00325193381162691,-1.35355496154163,0.000826230297017793,0.391326587562703,2.48785830241921
"Jmjd1c",468.373952412835,504.905850882358,421.684063080222,231.541806072932,184.768058630327,226.335163709426,1.6810246392539e-12,-1.11819158801089,2.13345467194264e-14,0.46067091254358,11.7744259209367
"Rev3l",213.259629396482,256.916729623832,191.402695298824,109.255657411037,88.8884173951303,117.654402280671,1.5438956236989e-07,-1.06697719009272,9.67068003053845e-09,0.477318053705961,6.81138206383439
"Klhl11",28.8996694041962,25.7908686108867,20.9346697983089,8.01876384668162,4.99373131433317,4.98535602884199,0.000271341830405844,-2.07152483051498,4.66379139456776e-05,0.2379079140992,3.56648324968087
"Chrm3",40.8581532955877,44.6380418265346,32.8973382544854,12.0281457700224,11.9849551543996,20.9384953211364,0.00116018342502319,-1.39689228986416,0.000250598859838792,0.379746272863555,2.93547334337832
"Lcor",45.8408549170009,57.5334761319779,31.9004492164707,12.0281457700224,13.9824476801329,10.9677832634524,1.28439270045671e-05,-1.87134168686255,1.47133674730344e-06,0.273319123998911,4.89130217130888
"Dhtkd1",703.557468943535,679.49019224836,544.301414756031,261.612170497988,167.789372161594,282.171151232457,2.66444960453442e-14,-1.43755110874727,2.02893484992795e-16,0.369193457248587,13.5743924896019
"Abca9",53.8131775112619,56.5415196469438,42.8662286346325,24.0562915400449,14.9811939429995,23.9297089384416,0.000564863209598173,-1.28308898982092,0.000109707322784481,0.410914746393522,3.24805671060412
"Rfx3",33.8823710256093,38.68630291633,33.8942272925001,21.0492550975392,12.9837014172662,15.9531392922944,0.0113378245603002,-1.09106771244559,0.00358710833546223,0.469413841347212,1.94547026749702
"Prox1",796.235719101819,831.259534458577,471.528514980957,216.506623860404,166.790625898728,232.317590944037,3.21341646843342e-17,-1.76964369415051,1.05245769865993e-19,0.293281160714979,16.4930329849305
"Trp53inp1",1351.30867972724,1946.21862363691,1466.42377491964,666.559744755409,684.141190063644,730.853193828236,1.61522688327389e-15,-1.19451028710311,8.72881145468571e-18,0.436934737276763,14.7917664657581
"Bcorl1",126.560621183894,109.115213353751,98.6920147634562,59.1383833692769,37.9523579889321,44.8682042595779,2.90060332876372e-06,-1.23616436614295,2.66903775493866e-07,0.424499757241288,5.53751165896294
"9930021J03Rik",220.235411666461,237.07759992315,206.356030869045,93.2181297176738,85.8921786065305,98.7100493710714,4.10411933205433e-11,-1.25633375708475,8.53554663343814e-13,0.418606390984376,10.3867800200943
"Mll5",495.280541168466,527.720850038142,415.702728852134,236.553533477108,154.805670744328,199.41424115368,6.67092959199301e-13,-1.28420340298517,7.70163819267186e-15,0.410597456896272,12.1758136430635
"Tmie",226.214653612156,221.206296162605,193.396473374854,97.2275116410146,87.8896711322637,98.7100493710714,9.83526000097059e-10,-1.17492801179904,3.11655254268044e-11,0.44290585930174,9.00721415475895
"Gm10804",22.9204274585004,17.8552167306138,15.9502246082353,7.01641836584642,7.98997010293307,5.98242723461039,0.0191019466754959,-1.43442274939146,0.0066879492331467,0.369994889917976,1.7189223716347
"Ralgps1",18.9342661613699,22.8149991557843,20.9346697983089,5.01172740417601,4.99373131433317,11.9648544692208,0.0119681626910454,-1.51201399811106,0.0038198557413981,0.350621410651777,1.92197251579119
"Atp2b2",30.8927500527614,23.8069556408184,23.925336912353,11.0258002891872,5.9924775771998,10.9677832634524,0.00460064367350213,-1.49031791893824,0.00124351022001695,0.355934104974201,2.3371814021676
"Lrp1",17735.4281512579,17336.423488941,13730.1527205766,8914.86070654829,7264.88031609189,7311.52315189966,5.18271061383807e-15,-1.05482026874011,3.18270118756944e-17,0.481357185397797,14.2854430401132
"Brwd3",75.7370646454797,72.4128234074895,50.8413409387502,28.0656734633857,20.9736715201993,19.941424115368,7.68410917653049e-06,-1.52875443843032,8.18556131881287e-07,0.34657645727858,5.11440647327053
"Gm15800",430.505420090095,419.597593169425,315.016936012648,154.361204048621,115.854566492529,189.443529095996,1.99671630926617e-11,-1.34182138037526,3.59680330826625e-13,0.394522263081381,10.6996836347148
"Scd1",54068.2918342782,36493.0871279196,33480.518341724,7754.14463974112,6087.35847217213,14951.0827304971,9.60001005762888e-05,-2.10705555248976,1.41960355064912e-05,0.232120274869303,4.01772831196351
"Gabbr2",154.463750263807,128.954343054433,117.632906485736,74.173565581805,40.948596777532,74.7803404326299,3.90074693713972e-05,-1.07856816696494,5.15500332149636e-06,0.473498523810438,4.40885222384067
"Rcor1",99.6540324282627,108.123256868717,109.657794181618,53.1243104842657,28.9636416231324,52.8447739057251,7.77165493417603e-06,-1.23430515659679,8.29368029467728e-07,0.425047165212055,5.10948649056198
"Srebf1",1347.32251843011,1654.58341703688,1917.01762010229,633.482343887848,637.200115708912,775.721398087814,9.92994853318874e-17,-1.26522762026339,3.86077032245287e-19,0.416033722729775,16.0030530024422
"Ep300",515.211347654118,518.793241672835,407.727616548016,237.555878957943,181.771819841727,220.352736474816,2.35658300480499e-12,-1.17245004421778,3.18378937028432e-14,0.4436672464321,11.6277172586865
"Ash1l",599.917275218142,623.94062908645,521.372966881693,286.670807518868,184.768058630327,221.349807680584,1.09458024106631e-14,-1.33304934145472,7.34918363771697e-17,0.396928389929388,13.9607523958366
"Gatad2b",73.7439839969144,75.3886928625918,50.8413409387502,28.0656734633857,13.9824476801329,19.941424115368,2.32730688698784e-06,-1.69012887184197,2.0599514818913e-07,0.309899241331086,5.63314634531763
"BC023105",115.598677616785,219.222383192537,117.632906485736,54.1266559651009,55.9297907205315,67.8008419922511,1.85668750402384e-06,-1.34712814661243,1.59322730223286e-07,0.393073729956462,5.73126118548931
"Gm9766",89.6886291854365,139.865864389808,115.639128409706,24.0562915400449,15.9799402058661,28.9150649672835,3.48012647569988e-14,-2.3237810649195,2.70704998928591e-16,0.199743288702153,13.4584049725188
"Dock4",469.370492737117,484.074764696642,397.758726167869,222.520696745415,157.801909532928,188.446457890227,2.20572207842532e-13,-1.24843977122567,2.13113244292301e-15,0.420903154944226,12.6564492096701
"A730008H23Rik",51.8200968626966,44.6380418265346,21.9315588363236,13.0304912508576,7.98997010293307,10.9677832634524,9.40408579426738e-05,-1.88821198909084,1.38447115844532e-05,0.270141653075926,4.02668341742386
"Reps2",554.076420301141,624.932585571484,563.242306478311,295.691916846385,243.694088139458,280.17700882092,5.33171271848942e-14,-1.088083296413,4.5402286311545e-16,0.4703858944559,13.2731332591336
"Ahr",746.408702887688,864.986054949737,799.505008487797,426.999174835796,367.538624734921,402.816767130433,4.27969304256794e-14,-1.00976611445323,3.46916901018772e-16,0.496626752885302,13.3685873792811
"Abca6",2370.76943146837,2593.96620836418,2122.37676193332,1061.48386420448,821.968174339239,1023.99212832414,1.95172854701405e-21,-1.28546601640311,3.03634179917031e-24,0.410238268673709,20.7095805856098
"Ppp4r4",137.522564751003,128.954343054433,102.679570915515,57.1336924076065,58.9260295091314,62.8154859634091,1.53938526109923e-05,-1.04526499098404,1.80496167517735e-06,0.484555898154378,4.81265267592512
"BC002288",63.7785807540881,64.4771715272166,31.9004492164707,19.0445641358688,11.9849551543996,28.9150649672835,0.000736989344428086,-1.41770378370283,0.000148749589291348,0.374307592201893,3.13253879123123
"P2ry4",84.7059275640233,82.3323882578305,65.7946765089708,15.035182212528,16.9786864687328,31.9062785845887,4.58025770631438e-08,-1.86450905069626,2.38144898346813e-09,0.274616639624669,7.33911008590843
"Frs2",251.128161719222,256.916729623832,235.265812971471,144.337749240269,96.8783874980634,128.622185544123,1.61324599068197e-07,-1.00717558625154,1.01314965598385e-08,0.497519305585669,6.79229940554943
"Fn1",26606.6301180219,27644.8352814154,21253.6742904736,11742.4773079844,8820.9269936381,9879.97857795906,8.00539853949642e-21,-1.31044924743776,1.4420598368044e-23,0.403195307221455,20.0966170423586
"Stxbp4",29.8962097284788,35.7104334612277,19.9377807602942,13.0304912508576,15.9799402058661,12.9619256749892,0.0360493117427831,-1.02739955924735,0.0141741418970641,0.490593641549709,1.44310302246091
"Zfhx4",277.03821015057,277.747815809549,198.380918564927,90.2110932751682,86.8909248693971,100.704191782608,1.69140088469251e-12,-1.43889628368562,2.17180476983358e-14,0.368849380146973,11.7717534465856
"Fasn",1267.5992924875,1512.73363967701,1278.01174673486,547.28063253602,431.458385558385,585.28079778605,2.19680487264924e-21,-1.37564685253003,3.72593348386023e-24,0.385379877143585,20.6582085168142
"Gm17296",22.9204274585004,33.7265204911595,17.9440026842648,13.0304912508576,5.9924775771998,10.9677832634524,0.0171928429370515,-1.31495507344973,0.00588253079921464,0.401938011812418,1.76465230424441
"Rnf125",555.072960625423,465.227591480994,378.81783444559,199.466750686205,125.842029121196,228.329306120963,2.53084385620844e-10,-1.33749518462251,6.71410308205628e-12,0.395707088774624,9.59673464839327
"Larp4b",584.969170353902,635.844106906859,492.463184779266,157.368240491127,110.860835178196,227.332234915195,3.27905122566735e-17,-1.78956161878604,1.10080324451291e-19,0.289259927927037,16.4842517986857
"Setbp1",12.9550242156742,20.8310861857161,14.9533355702206,6.01407288501121,3.99498505146653,7.97656964614719,0.0328921261977159,-1.43830132864306,0.0126957735933868,0.369001521831849,1.4829080521455
"Iqsec1",566.034904192532,492.010416576915,408.724505586031,201.471441647876,130.835760435529,236.30587576711,2.19894256224975e-11,-1.36710895925076,4.12990344164904e-13,0.387667323571752,10.6577861145336
"Klf12",293.979395663375,312.466292785742,235.265812971471,72.1688746201346,59.924775771998,85.7481236960822,1.95172854701405e-21,-1.95002309606191,2.98158636088934e-24,0.258812087612182,20.7095805856098
"Atf7",69.7578226997839,65.4691280122507,66.7915655469855,25.0586370208801,21.9724177830659,31.9062785845887,2.31055101247479e-05,-1.35555733338985,2.85295253157453e-06,0.390783827110649,4.63628443866151
"AK139721",152.470669615242,170.616515425866,93.7075695733827,61.1430743309473,53.9322981947982,40.8799194365043,3.03141213878966e-07,-1.41848127123967,2.08249798120407e-08,0.374105927209232,6.51835501466035
"Gas7",126.560621183894,92.2519531081715,75.7635668891179,42.0985101950785,45.9423280918651,46.8623466711147,7.65898349318347e-05,-1.12663244823385,1.09055697164055e-05,0.457983507647017,4.11582886647649
"Slc44a1",237.176597179265,244.021295318389,217.321810287207,101.236893564355,92.8834024465969,131.613399161429,1.67512736694608e-08,-1.10052809306978,7.62606088612152e-10,0.466345760417865,7.77595216614421
"Klhl13",56.8027984841098,79.3565188027282,71.7760107370591,32.0750553867265,36.9536117260654,34.8974922018939,0.00126710276911799,-1.00060840215757,0.00027863948347492,0.49978918833397,2.89718815997777
"Zbed6",344.802952201789,334.289335456492,190.405806260809,70.1641836584642,54.9310444576648,70.7920556095563,1.4629724295332e-18,-2.15022534693708,3.91667178132061e-21,0.225277424887359,17.8347638583001
"AK046225",18.9342661613699,36.7023899462618,16.9471136462501,7.01641836584642,5.9924775771998,10.9677832634524,0.00635965398462098,-1.59806755576912,0.00182150738051291,0.330319133498648,2.19656651275688
"AK057615",105.633274373958,158.713037605456,112.648461295662,80.1876384668162,59.924775771998,43.8711330538095,0.000173417370695216,-1.03534520293167,2.81148279682738e-05,0.487899123655296,3.76090740271196
"Ppp1r12a",159.44645188522,127.962386569399,126.604907827868,68.1594926967937,37.9523579889321,67.8008419922511,1.2866912070891e-06,-1.25134896601897,1.05670292369636e-07,0.420055258839918,5.89052566688593
"Ly75",31.8892903770441,31.7426075210913,24.9222259503677,9.02110932751682,8.9887163657997,9.97071205768398,0.000788749802678269,-1.66212910322872,0.000161069516734595,0.315972497746795,3.10306073639535
"S100pbp",50.823556538414,46.6219547966028,39.8755615205884,23.0539460592097,14.9811939429995,19.941424115368,0.00125935901242525,-1.24418887202286,0.00027635160511747,0.42214517449,2.89985044551642
"Pou2f1",175.391097073742,150.777385725184,128.598685903897,73.1712201009698,68.9134921377977,73.7832692268615,1.65354085426995e-06,-1.07498563872096,1.39859797139184e-07,0.47467578560239,5.78158507044195
"Sox5",168.415314803764,180.536080276207,177.446248766618,96.2251661601794,83.8946860807972,79.7656964614718,5.07742987101558e-07,-1.0183992268616,3.70008399672797e-08,0.493663803703959,6.29435606631632
"Zfp652",76.7336049697623,84.3163012278987,86.7293463072797,35.0820918292321,33.9573729374655,29.9121361730519,4.02660164973055e-06,-1.32436670782707,3.88054543661087e-07,0.399324444039487,5.39506133286614
"Abcc2",4988.68086335883,4982.59742432629,3981.57481783075,2151.03340187234,1492.12691672275,2164.64158772319,6.23116899599858e-16,-1.26450188871294,3.06124735740535e-18,0.41624305647236,15.2054304700525
"Adcy9",300.955177933353,298.578901995265,222.30625547728,113.265039334378,80.8984472921973,130.61632795566,2.43853605591552e-10,-1.33940375274403,6.44925199427423e-12,0.395183946615397,9.61287081859635
"Mdm4",202.297685829373,215.2545572524,151.527133778236,75.1759110626402,38.9511042517987,63.8125571691775,2.05314825253866e-11,-1.6774499245873,3.76570219085122e-13,0.312634755310885,10.687579690213
"Mob1b",230.200814909287,288.659337144924,223.303144515295,92.2157842368386,95.8796412351968,111.671975046061,2.16321638831308e-11,-1.30788255600443,4.02071661464889e-13,0.403913268419678,10.664900035554
"Satb2",15.944645188522,24.7989121258526,19.9377807602942,5.01172740417601,5.9924775771998,9.97071205768398,0.0117793736412105,-1.53227156682229,0.00375091984693915,0.345732571887862,1.92887780219732
"Acpp",113.60559696822,119.034778204092,105.670238029559,40.0938192334081,34.9561192003322,38.8857770249675,9.44697408164421e-10,-1.57020559276524,2.97030872623547e-11,0.336760400403833,9.02470727615584
"Nos1ap",71.7509033483492,73.4047798925235,45.8568957486766,15.035182212528,7.98997010293307,17.9472817038312,1.40886970554871e-08,-2.22098430170111,6.26395029978670e-10,0.214494966563886,7.8511291692595
"Gm14431",33.8823710256093,40.6702158863982,32.8973382544854,20.046909616704,12.9837014172662,19.941424115368,0.0171928429370515,-1.02052768742798,0.00587977780641052,0.492936020499539,1.76465230424441
"Ccdc85c",71.7509033483492,67.4530409823189,79.7511230411767,30.0703644250561,28.9636416231324,43.8711330538095,0.000413085331611109,-1.08906267964026,7.57982664489065e-05,0.470066678192514,3.38396022626151
"Rreb1",810.187283641776,696.35345249394,617.074314531105,359.842027619838,284.64268491699,402.816767130433,5.48676589737677e-10,-1.01983214208116,1.60833717453605e-11,0.49317372979206,9.26068356935493
"Ino80d",276.041669826288,284.691511204787,244.237814313604,115.269730296048,103.86961133813,135.601683984502,1.15621238480026e-10,-1.18214142225303,2.69811290975252e-12,0.440696876891969,9.93696238297889
"Cyp2c70",1412.09763950848,2150.56165955393,1439.50777089324,559.308778306043,900.869129105703,565.339373670682,0.000158315248258872,-1.30426455482053,2.52127370722596e-05,0.4049274762582,3.80047725370515
"Usp53",64.7751210783708,64.4771715272166,60.8102313188973,29.0680189442209,16.9786864687328,30.9092073788203,0.000108743801762008,-1.30441501863186,1.648119029407e-05,0.404885247129641,3.9635954878195
"Sorbs2",689.605904403578,753.886928625918,628.040093949267,332.778699637287,313.606326540123,344.986637195866,1.37926569619e-14,-1.06322399357448,9.55613199351337e-17,0.478561421636692,13.8603520650248
"Zfp292",224.221572963591,229.141948042878,196.387140488898,101.236893564355,84.8934323436638,116.657331074903,2.54579812889025e-08,-1.10156586211987,1.2256851713645e-09,0.466010426087022,7.59417603704722
"4931406P16Rik",173.398016425177,177.560210821104,165.483580310442,98.2298571218498,61.9222682977313,89.7364085191558,1.91917389380009e-06,-1.04743107586277,1.65627551303144e-07,0.483828924238516,5.71688567263489
"Phc3",374.699161930268,376.943464312959,267.166262187942,176.412804626996,147.814446904262,173.490389803701,2.68583537168553e-08,-1.03354611926499,1.30410249358022e-09,0.488507927907432,7.57092061093748
"Onecut1",107.626355022524,99.1956485034102,46.8537847866913,33.0774008675617,30.9611341488656,58.8272011403355,0.00420882329767062,-1.04577414312068,0.00111173863573941,0.484384920134489,2.37583930719508
"Odz3",552.083339652576,480.106938756505,419.690285004193,219.513660302909,188.763043681794,284.165293643993,2.96786467745028e-09,-1.0681011167695,1.05708763996632e-10,0.476946345503488,8.52755590500232
"Herc6",293.979395663375,421.581506139493,279.128930644119,165.387004337808,152.808178218595,147.566538453723,1.72212312413939e-08,-1.09478477473306,7.96691693391268e-10,0.468205966778424,7.76393580164963
"Sox6",150.477588966677,180.536080276207,156.511578968309,70.1641836584642,58.9260295091314,83.7539812845454,7.5879393550452e-08,-1.19567005247552,4.2124153629089e-09,0.436583631785534,7.11987614877369
"Ppp1r3b",2361.80056854983,3172.27683913906,2971.72622232185,1076.51904641701,1017.7224418611,1244.34486479896,6.15073038585014e-22,-1.34920660898893,7.05070215359879e-25,0.392507844091247,21.2110733096376
"Arhgap32",162.436072858068,149.785429240149,127.601796865883,65.1524562542881,53.9322981947982,72.7861980210931,2.1445351561532e-07,-1.19677084791674,1.40826757982057e-08,0.436250639741757,6.66866682981745
"Gpr155",361.744137714594,367.023899462618,383.802279635663,167.391695299479,138.825730538462,200.411312359448,3.25296825590316e-11,-1.13484038409199,6.49901133579276e-13,0.455385296616235,10.487720174761
"Trip11",205.287306802221,223.190209132673,153.520911854265,75.1759110626402,43.9448355661319,71.7891268153247,3.58875092089849e-11,-1.60826486249309,7.22863118432021e-13,0.327992592389716,10.4450566830524
"Slc3a1",1029.42615498395,1190.34778204092,1149.41306083096,473.107066954215,480.396952438851,502.523887707273,1.26975424898918e-22,-1.2103604823689,1.24760918593876e-25,0.432160619338731,21.8962803252137
"2610005L07Rik",602.90689619099,627.908455026587,422.680952118237,270.633279825505,183.76931236746,257.244371088247,2.36713142418095e-10,-1.21634761981164,6.24102447053357e-12,0.430370883082658,9.6257776291803
"Erdr1",401.605750685899,490.026503606846,399.752504243898,102.239239045191,42.9460893032652,59.8242723461039,3.90106794556709e-30,-2.655537476035,9.58257908515621e-34,0.15870973449073,29.4088164854411
"Mll3",515.211347654118,506.889763852426,404.736949433972,246.57698828546,201.74674509906,244.282445413258,1.503012859908e-10,-1.04275603303101,3.6427725090704e-12,0.485399311403466,9.82303730353605
"Zfp167",114.602137292502,132.92216899457,105.670238029559,59.1383833692769,36.9536117260654,69.7949844037879,4.8865733098162e-05,-1.09029556800696,6.62186099053943e-06,0.469665143451152,4.31099558143071
"Lhx6",65.7716614026534,62.4932585571484,45.8568957486766,24.0562915400449,19.9749252573327,28.9150649672835,0.000342991175109186,-1.25516515519855,6.12869691994564e-05,0.418945605011271,3.46471705386594
"Med12",285.010532744831,291.635206600026,213.334254135148,134.314294431917,91.8846561837302,119.648544692208,6.05165643359843e-09,-1.19180410593771,2.38835535985789e-10,0.437755100695205,8.2181257358418
"Nfix",572.014146138228,578.310630774881,586.170754352649,259.607479536317,195.75426752186,320.059857051656,1.34490588919862e-11,-1.16308763818224,2.22444108423909e-13,0.446555798802923,10.8713081046814
"Deptor",368.719919984572,405.710202378948,318.007603126692,92.2157842368386,54.9310444576648,90.7334797249242,3.07102050288808e-27,-2.19934544358329,2.01164038509004e-30,0.217736406281469,26.5127172840905
"Usp6nl",248.138540746374,262.868468534037,243.240925275589,138.323676355258,104.868357600996,120.645615897976,8.74823600361929e-09,-1.05185811182433,3.60301540147425e-10,0.482346528445692,8.05807950939217
"Pik3r3",33.8823710256093,38.68630291633,31.9004492164707,14.0328367316928,17.9774327315994,15.9531392922944,0.00921989495924486,-1.12304710232446,0.00280831976159755,0.459123091067859,2.03527402676418
"Atf7ip",196.318443883678,198.39129700682,167.477358386471,87.2040568326626,59.924775771998,85.7481236960822,3.96878822695825e-09,-1.27156586679743,1.46558870904624e-10,0.414209955231798,8.40134207426421
"Vps13d",1062.31198568528,1008.81974527968,825.424123476179,459.074230222523,358.549908369121,465.632253093842,1.37926569619e-14,-1.17454711174296,9.5994091686031e-17,0.443022810656165,13.8603520650248
"Ptprf",2440.52725416815,2442.19686615396,2307.79812300405,1183.77001286637,1016.72369559823,1270.26871614894,2.07261672167907e-18,-1.05084248946667,6.10940817001935e-21,0.482686208265412,17.6834810023199
"Xrn1",113.60559696822,103.163474443547,61.807120356912,38.0891282717377,27.9648953602657,34.8974922018939,2.90060332876372e-06,-1.46456149156621,2.6695145676987e-07,0.362345657185565,5.53751165896294
"A1cf",1425.05266372416,1545.46820368313,1237.13929617625,585.369760807758,432.457131821252,770.736042058972,1.10336317936672e-11,-1.23420402273588,1.78879808003447e-13,0.425076962339237,10.9572815130959
"Irs2",94.6713308068496,87.292170683001,79.7511230411767,54.1266559651009,33.9573729374655,40.8799194365043,0.000339561700216385,-1.02124554013009,6.05277836216384e-05,0.492690807600357,3.46908130053263
"Ankhd1",501.259783114162,496.970199002085,389.783613863751,290.680189442209,190.760536207527,198.417169947911,4.49721846426986e-08,-1.02985338545591,2.33459142417677e-09,0.48975991834044,7.34705601491763
"Apc",414.560774901573,439.436722870107,341.932940039045,229.537115111261,171.784357213061,189.443529095996,4.23728550625434e-09,-1.01759733658263,1.58043892151706e-10,0.493938272133276,8.37291227246033
"Ankrd26",44.8443145927182,45.6299983115687,37.881783444559,10.023454808352,8.9887163657997,22.9326377326732,0.000231856672208175,-1.61310548409995,3.90699280606258e-05,0.326893935081315,3.63478040176732
"Esr1",135.529484102437,173.592384880968,184.424472032721,53.1243104842657,35.9548654631988,74.7803404326299,1.03133145245485e-09,-1.59061004291947,3.27648082823616e-11,0.33203102467347,8.98660173739499
"Luzp1",159.44645188522,123.994560629263,101.6826818775,53.1243104842657,29.962387885999,61.8184147576407,8.68026550264481e-07,-1.4101859184121,6.80178014085899e-08,0.376263195133144,6.06146699088686
"Slc22a27",91.6817098340017,107.131300383683,81.7449011172062,25.0586370208801,43.9448355661319,63.8125571691775,0.00066824797638725,-1.078545577368,0.000133288468883922,0.473505937868322,3.17506234771573
"Tmem28",33.8823710256093,30.7506510360572,29.9066711404413,14.0328367316928,13.9824476801329,17.9472817038312,0.0208325128362007,-1.04029891504929,0.00739790454193094,0.486226720922031,1.68125834190651
"Fan1",78.7266856183276,61.5013020721143,62.8040093949267,32.0750553867265,20.9736715201993,41.8769906422727,0.00101868734726137,-1.09668110242729,0.000215448245146656,0.467590945136827,2.99195908801922
"Gm608",688.609364079295,638.819976361962,538.320080527943,327.766972233111,265.666505922524,304.106717759361,5.5865693469722e-12,-1.0557501489057,8.27944855319716e-14,0.481047029566377,11.2528548058982
"Fktn",58.795879132675,74.3967363775577,69.7822326610297,30.0703644250561,14.9811939429995,31.9062785845887,4.38160768405459e-05,-1.39926410430185,5.89093573832608e-06,0.379122476634981,4.35836651045348
"Vps13b",586.962251002467,613.029107751075,498.444519007355,280.656734633857,216.727939042059,302.112575347825,2.82916663967799e-11,-1.08706175488839,5.51331908821225e-13,0.470719082602272,10.548341471574
"Gm340",28.8996694041962,33.7265204911595,28.9097821024266,13.0304912508576,10.986208891533,9.97071205768398,0.0025737221110659,-1.42961680161966,0.000629679985905585,0.371229482894216,2.58943834637714
"Asap2",127.557161508176,108.123256868717,75.7635668891179,42.0985101950785,36.9536117260654,58.8272011403355,5.91186428776227e-05,-1.17545245386616,8.18550930206009e-06,0.442744885399074,4.22827554412481
"Mia2",588.955331651033,635.844106906859,507.416520349487,228.534769630426,160.798148321528,275.191652792078,1.15128665567287e-13,-1.38221737894176,1.0840740637221e-15,0.383628716158003,12.9388165291269
"AK172683",25.9100484313483,47.6139112816369,18.9408917222795,1.0023454808352,2.9962387885999,5.98242723461039,7.51271970252788e-07,-3.21059254575101,5.80078169121738e-08,0.108022777532721,6.1242028142637
"Zfp109",26.9065887556309,25.7908686108867,20.9346697983089,7.01641836584642,4.99373131433317,12.9619256749892,0.00506838822904093,-1.55965803714969,0.00140228312666252,0.339231480569541,2.29513012637096
"Usp34",668.678557593643,689.409757098701,582.18319820059,350.820918292321,246.690326928058,315.074501022814,7.97978508628521e-12,-1.08829165473004,1.22182904375283e-13,0.470317964828687,11.0980088050274
"Ttll4",112.609056643937,129.946299539467,83.7386791932356,52.1219650034305,36.9536117260654,47.8594178768831,5.30125215587001e-06,-1.25287984315805,5.34335659041675e-07,0.419609764874718,5.27562153791686
"AK152437",58.795879132675,46.6219547966028,36.8848944065442,19.0445641358688,11.9849551543996,16.9502104980628,9.79759988945052e-05,-1.56861634047846,1.45443777938048e-05,0.337131575262245,4.00888030006563
"Socs4",53.8131775112619,71.4208669224553,52.8351190147796,37.0867827909025,17.9774327315994,19.941424115368,0.000668913253729435,-1.24793530000675,0.000133475935424436,0.421050359065374,3.17463019892772
"Wdr7",341.813331228941,362.064117037447,284.113375834192,177.415150107831,155.804417007195,155.54310809987,3.44533563247765e-09,-1.01546854824833,1.24689949197996e-10,0.494667647471578,8.46276846425479
"Alpk1",40.8581532955877,60.5093455870802,49.8444519007355,31.0727099058913,19.9749252573327,19.941424115368,0.00367194386351832,-1.09134573086014,0.000947976664347274,0.469323390410374,2.43510396689089
"Kidins220",685.619743106448,703.297147889178,589.161421466693,359.842027619838,293.63140128279,322.053999463193,2.31250615226097e-12,-1.01990901488759,3.10530589511831e-14,0.493147452139774,11.6359171031773
"Gbp10",302.948258581919,397.774550498675,199.377807602942,115.269730296048,108.863342652463,115.660259869134,1.35783764497379e-09,-1.40551939613891,4.44718789805547e-11,0.377482221541642,8.86715215502401
"Bmpr2",111.612516319654,116.05890874899,76.7604559271326,32.0750553867265,25.9674028345325,28.9150649672835,8.16519902847732e-10,-1.80791820296316,2.53386590665103e-11,0.285602754182541,9.08803322477716
"Dvl3",166.422234155199,170.616515425866,140.561354360074,68.1594926967937,62.9210145605979,83.7539812845454,1.92440807563575e-07,-1.15252885934293,1.2448066648262e-08,0.449836034961576,6.71570282928107
"L3mbtl3",51.8200968626966,49.5978242517051,57.8195642048531,16.0375276933632,12.9837014172662,38.8857770249675,0.00270961698241175,-1.22906304661033,0.000667808656109011,0.426594406225625,2.56709209443229
"Prg4",1382.20142978,1591.0982019947,1188.29173331353,496.161013013425,372.532356049254,388.857770249675,4.08618516357149e-29,-1.72659417027724,1.67288346989744e-32,0.302164447670517,28.3886819574061
"Pkd2l2",18.9342661613699,16.8632602455797,15.9502246082353,6.01407288501121,3.99498505146653,10.9677832634524,0.0451389740422397,-1.302309956451,0.0184577119763322,0.405476453662604,1.34544831616782
"Orm2",2404.65180249398,2731.84815978392,1780.44382189427,1238.89901431231,690.133667640843,538.418451114935,0.00173506083045786,-1.48712508978398,0.000398368482880021,0.356722695222123,2.7606852944356
"Nfat5",553.079879976858,494.986286032017,403.740060395957,245.574642804625,184.768058630327,201.408383565216,4.81105117351322e-12,-1.20050816982116,6.89375219327613e-14,0.435121988814801,11.3177600236303
"AK089379",47.8339355655661,31.7426075210913,11.9626684561765,7.01641836584642,5.9924775771998,4.98535602884199,0.000121105380032347,-2.34713815474448,1.8632359705296e-05,0.196535501585402,3.91683656316198
"Notch2",549.093718679728,512.841502762631,472.525404018972,231.541806072932,184.768058630327,228.329306120963,5.31032527656963e-16,-1.25119480244413,2.52189360551084e-18,0.420100147522926,15.2748788760009
"Gm4788",2648.80418194322,3246.67357551662,3082.38090554148,1589.71993260463,1193.50178412563,1314.13984920275,2.05720725064718e-16,-1.13170104571155,8.75909088951556e-19,0.456377304669739,15.6867219536731
"Dct",54.8097178355445,77.37260583266,36.8848944065442,35.0820918292321,25.9674028345325,17.9472817038312,0.00511129412827274,-1.09826861448006,0.001416399050733,0.467076700628731,2.29146912694724
"Cnot6",190.339201937982,192.439558096616,167.477358386471,104.243930006861,59.924775771998,103.695405399913,6.34208478051683e-06,-1.03867761647771,6.57940016123379e-07,0.486773448946604,5.19776795665385
"Rora",88.6920888611538,82.3323882578305,75.7635668891179,29.0680189442209,18.976178994466,33.9004209961255,2.43389365843788e-07,-1.59051158136882,1.62219719804178e-08,0.332053686015091,6.6136984008646
"Nr5a2",633.799646243751,629.892367996655,512.400965539561,299.701298769725,208.737968939126,335.015925138182,2.3664240034525e-09,-1.07433152638368,8.23491526625164e-11,0.474891050559422,8.62590743812655
"Abca1",2770.3821015057,2812.19663507168,2298.82612166192,1379.22738162924,1164.53814250249,1248.33314962203,8.4877625148136e-17,-1.05547643204003,3.19689736904467e-19,0.481138305388995,16.0712067803731
"Nipbl",483.322057277074,486.05867766671,383.802279635663,248.58167924713,152.808178218595,191.437671507532,2.77078569873566e-10,-1.19079820318148,7.46408331191381e-12,0.438060426905009,9.55739706261749
"Hdac4",61.7855001055229,66.4610844972848,65.7946765089708,29.0680189442209,22.9711640459326,39.8828482307359,0.000971213511303024,-1.07774222556869,0.000204709426595185,0.473769678828779,3.01268528442004
"Gvin1",565.03836386825,920.535618111647,574.208085896473,372.872518870695,329.586266745989,255.25022867671,5.94695867097089e-08,-1.10493532852698,3.21378262739768e-09,0.464923311886653,7.22570507966646
"Gm7694",209.273468099352,179.544123791172,192.399584336839,127.297876066071,58.9260295091314,65.8066995807143,3.29103635754361e-06,-1.2057503633311,3.10968308900789e-07,0.433543793497354,5.48266731983466
"Pcsk9",69.7578226997839,103.163474443547,80.7480120791915,32.0750553867265,31.9598804117323,45.8652754653463,6.34903594778274e-05,-1.2066954860808,8.87399030775824e-06,0.433259867994221,4.19729221397471
"AK134344",115.598677616785,95.2278225632738,61.807120356912,36.0844373100673,32.9586266745989,65.8066995807143,0.00250547634408018,-1.01540905894447,0.000609700785606018,0.494688045435029,2.60110969337409
"Klhl3",20.9273468099352,18.8471732156479,13.9564465322059,4.00938192334081,3.99498505146653,6.97949844037879,0.00550065966215543,-1.84198361719645,0.00153989645336194,0.278937998097833,2.25958522496849
"Exph5",271.058968204875,287.66738065989,227.290700667354,124.290839623565,115.854566492529,113.666117457597,3.10074364380934e-10,-1.15167511074807,8.42910742442234e-12,0.450102314756449,9.50853413788431
"Cyp7a1",2315.95971363283,3121.68705840232,2240.00966841905,1078.52373737868,852.929308488105,1228.39172550667,6.73294247259612e-15,-1.28081920791481,4.24495677057153e-17,0.411561744483627,14.171795096202
"Tert",89.6886291854365,86.3002141979669,68.7853436230149,45.1055466375841,26.9661490973991,44.8682042595779,0.000431015694955672,-1.06578935098596,7.97236104892216e-05,0.477711214081557,3.36550691520229
"Sned1",100.650572752545,112.091082808854,70.7791216990444,29.0680189442209,24.9686565716658,28.9150649672835,4.99020851413668e-09,-1.77324549445454,1.89998113409773e-10,0.292549874737753,8.30188130715276
"Asah2",337.827169931811,350.160639217038,271.153818340001,160.375276933632,109.86208891533,148.563609659491,3.74016225029636e-10,-1.19557662277148,1.04735567804909e-11,0.43661190609103,9.42710955745728
"Inhba",23.9169677827831,27.7747815809549,14.9533355702206,1.0023454808352,2.9962387885999,9.97071205768398,0.000928439559507565,-2.25302393533382,0.000194156606483446,0.209783928783616,3.03224636314307
"Lmbrd2",210.270008423634,238.069556408184,166.480469348456,48.1125830800897,29.962387885999,54.8389163172619,4.71396701472562e-19,-2.20971514492341,1.04214451320389e-21,0.216176987001396,18.3266134607113
"Slc10a5",461.398170142856,540.616284343586,442.618732878531,188.440950397018,125.842029121196,222.346878886353,1.42940196396938e-13,-1.42870838010464,1.36936076135607e-15,0.371463308501619,12.8448456255226
"Fam25c",103.640193725393,138.873907904774,97.6951257254415,23.0539460592097,13.9824476801329,15.9531392922944,1.0565561448492e-17,-2.68313769301489,3.28740960486937e-20,0.155702315770537,16.9761074198134
"Gstm3",115.598677616785,210.29477482723,108.660905143603,47.1102375992545,82.8959398179306,49.8535602884199,2.98384255695815e-05,-1.2727432907705,3.82844615307739e-06,0.413872044752903,4.52522409622893
"Rif1",159.44645188522,184.503906216343,135.57690917,85.1993658709922,71.9097309263976,75.7774116383983,2.47179776989144e-06,-1.04214841822302,2.21617830019744e-07,0.485603788384599,5.60698706392826
"Sntb1",401.605750685899,395.790637528607,356.886275609266,139.326021836093,80.8984472921973,162.522606540249,4.08274837954495e-14,-1.59252481278543,3.27609384422669e-16,0.331590639650058,13.3890473848927
"AK166041",15.944645188522,17.8552167306138,11.9626684561765,7.01641836584642,6.99122384006643,3.98828482307359,0.0497954444256896,-1.34694497705546,0.0207360601519733,0.393123639126284,1.30281038718572
"4930470H14Rik",135.529484102437,138.873907904774,86.7293463072797,44.1032011567489,40.948596777532,47.8594178768831,1.05994582376049e-07,-1.44212007233153,6.17533236551721e-09,0.368026084266752,6.97471633194575
"Clcn5",25.9100484313483,25.7908686108867,18.9408917222795,6.01407288501121,2.9962387885999,7.97656964614719,0.000547572038232495,-2.05603066968608,0.000105631681165623,0.24047675141124,3.26155873722063
"Pggt1b",100.650572752545,118.042821719058,90.7169024593385,48.1125830800897,39.9498505146653,46.8623466711147,5.25103308371287e-06,-1.19749977467283,5.2755404844966e-07,0.436030278241788,5.27975524546677
"Dsp",839.086953045972,696.35345249394,654.956097975664,397.931155891575,323.593789168789,366.922203722771,1.80762879211061e-11,-1.00894202268933,3.16738362000877e-13,0.496910515508222,10.7428907497954
"Tmem245",182.366879343721,190.455645126548,116.636017447721,63.1477652926177,46.9410743547318,48.8564890826515,2.33162793023266e-10,-1.62289205996462,6.10923554961476e-12,0.324683942084451,9.63234075097085
"Cbl",55.8062581598271,42.6541288564664,34.8911163305148,13.0304912508576,9.98746262866633,16.9502104980628,4.04848488003308e-05,-1.73815167764994,5.38670918697597e-06,0.299753462230189,4.39270747835408
"Cyp2a22",254.11778269207,230.133904527912,185.421361070736,67.1571472159585,99.8746262866633,143.578253630649,7.29018806118583e-06,-1.1081345055331,7.69430312852577e-07,0.463893486441129,5.13726126826888
"Srcap",108.622895346806,94.2358660782397,60.8102313188973,26.0609825017153,24.9686565716658,19.941424115368,7.88981856542116e-09,-1.89362772477612,3.21070975764703e-10,0.26912946881437,8.10293298372878
"Abca5",119.584838913915,124.986517114297,100.685792839486,56.1313469267713,46.9410743547318,58.8272011403355,1.04779385920232e-05,-1.09262785820454,1.15906779970714e-06,0.468906486606247,4.97972415114705
"Lyst",341.813331228941,312.466292785742,235.265812971471,123.28849414273,82.8959398179306,132.610470367197,7.29082021808118e-11,-1.39268195945711,1.593915498426e-12,0.380856134990278,10.1372236107563
"BC027545",23.9169677827831,52.5736937068074,15.9502246082353,11.0258002891872,13.9824476801329,9.97071205768398,0.0107910488775262,-1.40243455591872,0.00339467860373828,0.378290235820269,1.96693634034183
"Tbck",73.7439839969144,68.444997467353,51.8382299767649,17.0398731741984,15.9799402058661,30.9092073788203,8.24918405848786e-06,-1.60139928507633,8.86181076290516e-07,0.329557181658886,5.08358900616775
"Dpy19l4",70.7543630240665,82.3323882578305,67.7884545850002,26.0609825017153,25.9674028345325,45.8652754653463,0.000266011674555834,-1.17371450121398,4.55374177859039e-05,0.443278562500367,3.57509930290308
"EU234017",52.8166371869792,53.5656501918415,33.8942272925001,26.0609825017153,17.9774327315994,16.9502104980628,0.00237658350623225,-1.20206451786022,0.000573664797868883,0.434652841773202,2.62404692125615
"3300002I08Rik",14.9481048642394,17.8552167306138,14.9533355702206,4.00938192334081,3.99498505146653,8.97364085191558,0.029353301162011,-1.49156869196342,0.0111111365980494,0.355625654583754,1.53234304958419
"Ror1",24.9135081070657,32.7345640061254,28.9097821024266,12.0281457700224,7.98997010293307,12.9619256749892,0.00468128026989394,-1.39217528310086,0.00126873312808884,0.380989915645943,2.329635356731
"Mob1a",139.515645399568,170.616515425866,112.648461295662,58.1360378884417,39.9498505146653,57.8301299345671,1.97928457904869e-08,-1.43929211587592,9.31866562640628e-10,0.368748192836844,7.70349175898956
"Apob",82735.7673429166,82157.8039164645,65050.9972866118,37919.7318854765,27840.0520774074,31080.7036262125,1.4629724295332e-18,-1.24760475007306,3.95300828417225e-21,0.42114684107285,17.8347638583001
"Lcn2",2827.18489998981,3623.61703982957,2769.35774760486,1485.47600259777,1279.39396273216,1066.86619017219,6.79667527435484e-17,-1.26682610910513,2.44865071703605e-19,0.415573017618337,16.1677034789265
"Cphx",24.9135081070657,25.7908686108867,20.9346697983089,11.0258002891872,7.98997010293307,12.9619256749892,0.0278832920301377,-1.16368473540935,0.0104770676431918,0.446371018200049,1.55465595273613
"Bahcc1",177.384177722308,148.793472755115,102.679570915515,54.1266559651009,47.9398206175984,78.7686252557035,4.74626905161507e-06,-1.24570249289963,4.69021727608552e-07,0.421702508051234,5.32364764658226
"4933407H18Rik",214.256169720765,211.286731312264,161.496024158383,123.28849414273,84.8934323436638,83.7539812845454,5.60475359194619e-06,-1.00802938990076,5.71351692620405e-07,0.497224955001911,5.25144347602359
"AK086315",90.6851695097191,92.2519531081715,66.7915655469855,43.1008556759137,32.9586266745989,34.8974922018939,7.1250100747436e-05,-1.17058924039886,1.0058570250678e-05,0.444239862495528,4.14721451722788
"Dock5",313.910202149028,354.128465157174,288.100931986251,162.379967895303,134.830745486995,157.537250511407,5.02487967199668e-10,-1.07223445139816,1.44414375245299e-11,0.475581845400701,9.29887433359176
"Ptpn4",41.8546936198703,57.5334761319779,36.8848944065442,15.035182212528,16.9786864687328,18.9443529095996,0.000390203506682138,-1.41914158148982,7.10526754965398e-05,0.373934741027071,3.40870883200491
"Map3k2",393.633428091638,436.460853415005,346.917385229119,190.445641358688,151.809431955728,172.493318597933,1.21498430104628e-12,-1.19329021733186,1.49224306195809e-14,0.437304403996099,11.915429333599
"Psd3",618.851541379512,665.602801457882,536.326302451914,273.64031626801,247.689073190925,320.059857051656,6.09408833713097e-13,-1.11370411834769,6.83607714883274e-15,0.462106049619539,12.2150912547326
"Nbeal1",220.235411666461,238.069556408184,153.520911854265,73.1712201009698,41.9473430403986,47.8594178768831,5.08193025151528e-14,-1.90878306815742,4.24430431224563e-16,0.266317092792575,13.2939712998504
"Cep192",67.7647420512187,48.605867766671,37.881783444559,20.046909616704,13.9824476801329,29.9121361730519,0.00153516474725022,-1.27025782169377,0.000347181284852625,0.414585676351937,2.81384501107775
"Impad1",476.346275007096,558.471501074199,435.640509612428,216.506623860404,198.75050631046,291.144792084372,2.22393957335775e-09,-1.05767181282759,7.68445508848745e-11,0.480406703431698,8.65287701714115
"Ankrd52",444.456984630052,403.72628940888,355.889386571251,224.525387707085,152.808178218595,176.481603421006,3.46287032314384e-10,-1.12055701025717,9.64034970825274e-12,0.459916221933994,9.46056377151653
"Erbb3",817.163065911754,736.031711895304,626.046315873237,374.877209832366,235.704118036525,378.887058191991,5.81020240633051e-10,-1.13912054552174,1.7126609893384e-11,0.454036269917217,9.23580873810514
"Hook1",422.533097495834,463.243678510926,410.71828366206,135.316639912752,80.8984472921973,171.496247392164,3.05260782648538e-16,-1.74153056195682,1.3497160618211e-18,0.299052241870289,15.5153289866393
"Gprin3",82.7128469154581,121.01869117416,76.7604559271326,19.0445641358688,24.9686565716658,33.9004209961255,8.32916031463089e-09,-1.84780570511558,3.40313681896406e-10,0.277814594311446,8.07939877879771
"Fam198a",26.9065887556309,25.7908686108867,18.9408917222795,5.01172740417601,3.99498505146653,4.98535602884199,9.39403953180377e-05,-2.35623329917799,1.38145377868825e-05,0.195300385333691,4.02714761655983
"Pds5a",335.834089283245,359.088247582345,283.116486796177,168.394040780314,90.8859099208636,143.578253630649,1.38423337384782e-09,-1.27974824555727,4.54497324910323e-11,0.411867374407119,8.85879068413498
"BC019819",7681.33281957049,9532.70182117772,7965.14341373753,3036.10446144983,2010.47622715053,2831.68222438225,3.07102050288808e-27,-1.67628943298986,1.77867974038286e-30,0.312886337215647,26.5127172840905
"Ankrd17",695.585146349274,763.806493476259,636.015206253385,368.863136947354,307.613848962923,341.995423578561,2.36633011674293e-13,-1.04088316153227,2.3250602964804e-15,0.486029854134294,12.6259246688885
"Myst3",333.84100863468,350.160639217038,313.023157936619,195.457368762864,136.828238012729,154.546036894102,4.73515292424152e-09,-1.03434684569567,1.78348509387628e-10,0.488236870846115,8.32466599066666
"AK140725",69.7578226997839,54.5576066768756,36.8848944065442,20.046909616704,13.9824476801329,23.9297089384416,0.000170565365229007,-1.47570800212246,2.75267612270837e-05,0.359556899267171,3.76810915146271
"Peg3",90.6851695097191,93.2439095932056,34.8911163305148,22.0516005783744,19.9749252573327,28.9150649672835,3.78677243103589e-05,-1.62504810113638,4.97957629103712e-06,0.32419907930689,4.42173079335158
"Ces2f",33.8823710256093,38.68630291633,22.9284478743383,19.0445641358688,7.98997010293307,8.97364085191558,0.00492896087472851,-1.40788343988353,0.00135321426455127,0.376864174265984,2.30724462918895
"Mef2a",146.491427669546,138.873907904774,117.632906485736,54.1266559651009,41.9473430403986,85.7481236960822,1.82900766075741e-05,-1.14808127595205,2.19247295123954e-06,0.45122494271789,4.73778447548711
"Acaca",514.214807329836,601.125629930666,551.279638022134,284.666116557197,217.726685304926,264.223869528626,2.8454555673453e-13,-1.12041555985732,2.88902391182197e-15,0.459961317065644,12.5458481916432
"Mug2",8582.20527272199,9544.60529899813,7496.60556587061,3050.13729818152,2678.63747700831,2824.70272594187,3.52467224537645e-39,-1.58288828126693,2.88600036467408e-43,0.333812924469767,38.4528812612661
"C1galt1",227.211193936439,277.747815809549,187.415139146765,77.1806020243106,68.9134921377977,119.648544692208,4.76590179045961e-09,-1.38143689465454,1.79896890641274e-10,0.38383631179108,8.32185491127637
"Fryl",276.041669826288,269.812163929276,228.287589705368,136.318985393587,115.854566492529,132.610470367197,2.70947148212468e-08,-1.00860300138678,1.32001599268336e-09,0.497027299056181,7.56711541568723
"Atp8b1",419.543476522986,450.348244205482,434.643620574413,203.476132609546,177.776834790261,204.399597182522,1.70969058296234e-14,-1.15544511401241,1.24138448568961e-16,0.448927657637001,13.7670824804097
"Fam46c",32.8858307013267,49.5978242517051,65.7946765089708,20.046909616704,14.9811939429995,24.92678014421,0.00123866001727164,-1.30625614777798,0.000271099502674781,0.404368872877798,2.90704788077856
"Thap2",75.7370646454797,103.163474443547,83.7386791932356,54.1266559651009,32.9586266745989,33.9004209961255,0.000182730094323594,-1.11865145910752,2.98640193457704e-05,0.460524093242921,3.73818992160004
"Nmt2",104.636734049676,107.131300383683,81.7449011172062,48.1125830800897,34.9561192003322,50.8506314941883,3.85077128674468e-05,-1.13213236791526,5.07634632904195e-06,0.45624088204633,4.41445227515926
"Trio",342.809871553224,321.393901151049,258.19426084581,149.349476644445,117.852059018263,156.540179305639,2.00866626713931e-09,-1.12222917288553,6.7925912415339e-11,0.459383462632433,8.69709221376427
"Gdap10",25.9100484313483,23.8069556408184,12.9595574941912,3.00703644250561,1.99749252573327,7.97656964614719,0.000826239117567488,-2.27085201022202,0.000169963447954566,0.207207480105269,3.08289424758075
"Rnf152",459.405089494291,496.970199002085,481.497405361105,265.621552421329,190.760536207527,225.338092503658,1.34490588919862e-11,-1.0767754309049,2.21626648781956e-13,0.474087272978192,10.8713081046814
"Steap2",84.7059275640233,90.2680401381033,117.632906485736,35.0820918292321,25.9674028345325,39.8828482307359,1.19056229912393e-07,-1.5354888370477,7.09677682602326e-09,0.344962432846112,6.92424787412903
"Atp7b",298.962097284788,278.739772294583,208.349808945074,92.2157842368386,97.8771337609301,145.572396042186,2.16271645661748e-08,-1.2274704285628,1.02708224419728e-09,0.427065591799399,7.66500041509549
"Zfp619",18.9342661613699,21.8230426707502,17.9440026842648,6.01407288501121,3.99498505146653,4.98535602884199,0.00189682398567926,-1.96927613080845,0.000442172921250213,0.255381136232002,2.72197296726358
"Hipk2",211.266548747917,215.2545572524,115.639128409706,62.1454198117825,58.9260295091314,83.7539812845454,1.28534785702526e-07,-1.40428912033267,7.73545136259366e-09,0.377804261405961,6.89097932218315
"Strn",89.6886291854365,75.3886928625918,66.7915655469855,27.0633279825505,13.9824476801329,36.8916346134307,4.24413437839191e-06,-1.57278995346184,4.11798840448245e-07,0.336157687237364,5.37221087385878
"Prrc2c",678.643960836469,694.369539523871,551.279638022134,331.776354156452,265.666505922524,301.115504142056,7.90018350721329e-13,-1.09870814995341,9.25019439557439e-15,0.466934421420085,12.1023628207039
"Cps1",24991.2382523597,27580.3581098882,23866.5204591102,16915.5823345749,9680.84752596628,8576.80651201976,0.0029401267873688,-1.11981442315786,0.00073569372489962,0.460153011937806,2.53163394106152
"Saa2",7221.9277300762,6509.21845479378,3487.11785497545,2322.43447909516,1978.5163467388,1802.70474002926,1.56053020764951e-05,-1.49619686957219,1.83358785554495e-06,0.354486632519082,4.80672782014923
"Eppk1",402.602291010181,414.637810744255,339.939161963016,159.372931452797,123.844536595463,126.628043132587,6.38092507646996e-18,-1.49761031783151,1.93313868688601e-20,0.35413950222884,17.1951163547455
"Ston2",147.487967993829,175.576297851036,135.57690917,74.173565581805,66.9159996120644,77.7715540499351,1.49307066242452e-06,-1.06742751883601,1.24697623489151e-07,0.477169084943345,5.82591963797166
"Ttbk2",143.501806696698,123.994560629263,118.62979552375,67.1571472159585,44.9435818289985,79.7656964614718,7.13005992494431e-05,-1.00891179370854,1.00765441991762e-05,0.496920927449325,4.14690682008316
"C3",98091.4571997876,98384.2280986523,79107.1327226192,52506.8656680712,36048.7476119083,41369.4813985366,3.37336999470023e-13,-1.08480650163722,3.48026381177622e-15,0.471455496671137,12.4719360223316
"Cyp2b13",61.7855001055229,64.4771715272166,44.8600067106619,12.0281457700224,26.9661490973991,31.9062785845887,0.000911993018273331,-1.2707439651812,0.000189895868784826,0.414445997371341,3.04000848638318
"Dag1",942.727146771365,836.219316883748,789.53611810765,443.036702529159,301.621371385723,468.623466711147,1.21432775961178e-10,-1.08200426706911,2.88344428303789e-12,0.472372123358238,9.91566407686951
"Slc10a2",104.636734049676,141.849777359877,129.595574941912,49.1149285609249,53.9322981947982,73.7832692268615,1.74610823467557e-05,-1.088551854734,2.08103885486437e-06,0.470233147387883,4.75792883951621
"Ttc21b",43.8477742684356,45.6299983115687,26.9160040263972,18.0422186550336,16.9786864687328,20.9384953211364,0.0124834215848341,-1.05662147428829,0.00402519562769809,0.480756585690917,1.90366636243016
"Steap4",3111.19889241036,4130.506803682,3444.25162634082,1847.32272117928,1647.93133372994,1777.77795988505,4.71562935697163e-15,-1.019025602187,2.85725515774913e-17,0.493449516068789,14.3264603372809
"Trrap",530.159452518358,487.050634151744,388.786724825737,230.539460592097,185.766804893194,222.346878886353,1.90895869496785e-11,-1.13853081874603,3.42308977481338e-13,0.45422190310415,10.7192034685375
"Shank2",96.6644114554149,70.4289104374213,84.7355682312503,28.0656734633857,16.9786864687328,33.9004209961255,1.61500615566172e-07,-1.67338229872933,1.01557744006239e-08,0.313517461353437,6.79182581799862
"Wdfy3",835.100791748842,825.307795548373,656.949876051693,377.884246274871,332.582505534589,373.901702163149,5.78344855154928e-14,-1.09565491214624,5.06696958172253e-16,0.467923661313577,13.2378131234653
"Lysmd3",252.124702043505,327.345640061254,256.20048276978,143.335403759434,102.870865075263,153.548965688333,1.08580259542489e-07,-1.06388499352728,6.37452272922005e-09,0.478342209250896,6.96424912457262
"Rab11fip4",55.8062581598271,48.605867766671,43.8631176726472,27.0633279825505,17.9774327315994,22.9326377326732,0.0022334199906413,-1.12539184436872,0.000534775038698778,0.458377506695317,2.65102960094695
"AK040485",51.8200968626966,49.5978242517051,38.8786724825737,30.0703644250561,18.976178994466,18.9443529095996,0.00641596809422398,-1.04544567956234,0.00184183936283872,0.484495214342957,2.19273780440858
"Zfp931",47.8339355655661,65.4691280122507,32.8973382544854,24.0562915400449,19.9749252573327,27.9179937615151,0.0093853468004345,-1.02306408018851,0.00287331627665804,0.492070154250473,2.02754967501575
"Gpam",1239.69616340759,1275.65603975386,1220.19218253,575.346305999406,460.422027181518,822.583744758928,1.67592450064245e-08,-1.00726475478718,7.65713478554397e-10,0.497488556400479,7.77574554996166
"Foxn3",121.577919562481,125.978473599331,93.7075695733827,39.0914737525729,37.9523579889321,44.8682042595779,1.56465361586941e-08,-1.4850420379396,7.03344661518307e-10,0.35723812540789,7.80558179189821
"Zc3h12c",76.7336049697623,101.179561473478,71.7760107370591,34.0797463483969,37.9523579889321,49.8535602884199,0.000499596343528874,-1.03454027675403,9.4576823568227e-05,0.488171414293502,3.30138074882281
"Megf9",146.491427669546,160.696950575525,148.536466664192,49.1149285609249,31.9598804117323,49.8535602884199,1.06649639450568e-13,-1.79946724625526,9.90841738571822e-16,0.287280655232564,12.9720406084273
"Robo1",121.577919562481,102.171517958513,110.654683219633,50.1172740417601,34.9561192003322,47.8594178768831,2.79534765198309e-07,-1.33092369381596,1.89608415534496e-08,0.39751364997843,6.5535641720535
"Arntl",75.7370646454797,42.6541288564664,30.903560178456,29.0680189442209,18.976178994466,15.9531392922944,0.00466458607042358,-1.22235567345649,0.00126382668525601,0.428582345148767,2.33118688896075
"Camk1d",582.976089705337,589.222152110257,547.292081870075,297.696607808055,223.719162882126,233.314662149805,7.68127015902169e-15,-1.18805355521866,4.90574856631206e-17,0.438894606010922,14.1145669599888
"Rsbn1",128.553701832459,142.841733844911,128.598685903897,70.1641836584642,48.938566880465,68.7979131980195,4.01397818355613e-06,-1.0901050827673,3.86180657142263e-07,0.469727159456831,5.39642499228374
"4933411K16Rik",31.8892903770441,38.68630291633,13.9564465322059,5.01172740417601,5.9924775771998,9.97071205768398,0.000563573357572817,-2.01058300610997,0.000109410663293634,0.248172814714458,3.24904954596119
"Tbl1x",181.370339019438,167.640645970763,147.539577626177,59.1383833692769,40.948596777532,85.7481236960822,2.18891018298686e-08,-1.41778256692878,1.04131402302085e-09,0.374287152432148,7.65977205836512
"Ddx60",147.487967993829,193.43151458165,122.617351675809,80.1876384668162,70.910984663531,67.8008419922511,5.54201257785477e-06,-1.08262606309917,5.64048279233069e-07,0.472168576651636,5.25633249290119
"Uba6",88.6920888611538,97.211735533342,68.7853436230149,41.0961647142433,24.9686565716658,37.8887058191991,1.99112802020895e-05,-1.29300129849715,2.4128956602876e-06,0.408101155763988,4.70090081597313
"Zfp369",45.8408549170009,54.5576066768756,28.9097821024266,8.01876384668162,7.98997010293307,15.9531392922944,1.27440777537743e-05,-2.01607673054283,1.45566105514739e-06,0.247229579702055,4.89469158749474
"Gfpt1",293.979395663375,277.747815809549,290.09471006228,148.34713116361,116.853312755396,145.572396042186,8.0962293783149e-10,-1.0690665962262,2.50583370588965e-11,0.476627270551298,9.09171719611627
"Nek1",65.7716614026534,96.2197790483079,72.7728997750738,39.0914737525729,21.9724177830659,30.9092073788203,2.43394338077995e-05,-1.35227516453656,3.02125453636486e-06,0.39167388257743,4.61368952869463
"Slc26a2",37.8685323227398,36.7023899462618,25.9191149883824,21.0492550975392,14.9811939429995,10.9677832634524,0.0165695412769677,-1.09685730549767,0.00563171750108024,0.467533839562405,1.78068951473331
"Fras1",28.8996694041962,24.7989121258526,26.9160040263972,9.02110932751682,7.98997010293307,11.9648544692208,0.00384029484404364,-1.47595510443106,0.000996156068609699,0.359495320257755,2.41563543078209
"Tnpo1",555.072960625423,617.988890176246,473.522293056987,233.546497034602,195.75426752186,236.30587576711,2.8477436775815e-16,-1.30678291961939,1.23581769353819e-18,0.404221252454748,15.5454991036664
"Prtn3",92.6782501582843,86.3002141979669,70.7791216990444,56.1313469267713,28.9636416231324,35.8945634076623,0.00071878741170671,-1.04598304303994,0.000144546129792162,0.484314787055585,3.14339953739805
"Ppl",238.173137503548,211.286731312264,211.340476059118,109.255657411037,73.9072234521309,93.7246933422294,5.06172901853645e-10,-1.2550145728324,1.46302328956306e-11,0.418989335052015,9.29570110866501
"Wdfy2",48.8304758898487,46.6219547966028,40.8724505586031,14.0328367316928,9.98746262866633,26.9209225557468,0.000707727922144751,-1.419783498583,0.000141916456344264,0.37376839838213,3.1501336697414
"Svil",309.924040851897,289.651293629958,260.188038921839,136.318985393587,118.850805281129,158.534321717175,5.05384956086189e-09,-1.05530074233683,1.9283500330481e-10,0.481196901413053,8.29637768997051
