"ID","RNAi_1","RNAi_3","RNAi_4","untreated_1","untreated_3","untreated_4","padj","log2FoldChange","pvalue","foldChange","log10padj"
"FBtr0087533",2250.13105886372,2160.70571048479,2173.11754671962,4372.17999989636,4484.10936949987,4680.67816175851,0.00272299495265302,1.03606190850359,1.01378758325488e-06,2.05062246959508,2.5649531636681
"FBtr0089348",307.459161219847,324.799025224112,339.117069392552,1291.98468140349,1382.03370844086,1173.65663570701,0.00272299495265302,1.97887152291874,9.87935237172379e-07,3.94184629681233,2.5649531636681
"FBtr0086255",348.58427195626,358.467216863196,325.275556356122,875.634131059399,873.021293392817,901.66320485131,0.00272299495265302,1.35676303696223,1.0441598847011e-06,2.56109902692583,2.5649531636681
"FBtr0300190",87.146067989065,70.3071060698534,94.9132322498105,868.645033091992,942.022976375754,846.865993506755,0.00272299495265302,3.39509139246769,4.38237085225036e-07,10.5202084992375,2.5649531636681
"FBtr0084549",141.000379667701,100.014333986693,111.720783794048,927.553144531564,946.023073939982,1036.16545087885,0.00272299495265302,3.04874773581541,9.32653372529591e-07,8.27493360212849,2.5649531636681
"FBtr0075927",399.501075725152,398.076854085649,370.754813475822,870.641918225537,924.022537336727,906.644769518996,0.00279405379375321,1.20533483856928,1.74115297245558e-06,2.30590781519911,2.55376523669525
"FBtr0302694",417.126123183615,479.276610391677,389.539724025264,1342.90525230888,1435.03500116689,1298.19575239918,0.00289171173574406,1.66416682039807,2.31934884653539e-06,3.16930569278032,2.53884500246168
"FBtr0083967",83.2293907760733,83.1802381671506,86.0151167263908,330.484489601666,322.007853920374,349.705839671613,0.00279405379375321,1.97896673861124,1.66078573545749e-06,3.94210646129615,2.55376523669525
"FBtr0072956",1500.08737257582,1122.93321525653,1227.93994223192,5935.74105946195,7148.17434727589,5834.40853879477,0.00295939245029917,2.2972049230108,3.78269629999255e-06,4.91504601422046,2.52879743845622
"FBtr0070985",145.89622618394,140.614212139707,132.483053348694,574.104475894133,653.015927360263,544.983174644935,0.00289171173574406,2.0702757161024,3.22422563586609e-06,4.1996692643197,2.53884500246168
"FBtr0308065",394.605229208912,338.66239825197,349.992543921176,970.486174902777,984.024000800151,1087.9737234228,0.00307259719962752,1.48655750698797,4.32013410825113e-06,2.80219529722283,2.51249436959882
"FBtr0100457",73.4376977435941,106.946020500622,102.822668270628,871.640360792309,931.022708074126,773.13883642499,0.00289171173574406,3.1904715970579,2.81218891636513e-06,9.12909341364893,2.53884500246168
"FBtr0077645",308.438330523095,233.696859612471,167.086835939771,1937.97702210524,2122.05175782309,2117.16498376689,0.00307259719962752,3.15973588707427,4.25143823450598e-06,8.93666092807603,2.51249436959882
"FBtr0075753",1175.98233320075,1182.34767109021,1057.88706778435,3502.5365242376,4072.09932038436,3241.00597279703,0.0031605410773639,1.65424491620381,4.96698901220671e-06,3.14758407930196,2.50023856080006
"FBtr0070457",656.043433176108,602.06648578128,595.18506056652,1267.02361723418,1414.03448895469,1284.24737132966,0.00347388355298302,1.09309712417423,7.38489860850753e-06,2.13331517448163,2.45918474350104
"FBtr0332500",412.230276667375,382.232999196668,415.245391092921,816.726019619827,875.021342174931,799.042972696962,0.00347388355298302,1.03764748941157,7.54854226378364e-06,2.05287742655131,2.45918474350104
"FBtr0332503",412.230276667375,382.232999196668,415.245391092921,816.726019619827,875.021342174931,799.042972696962,0.00347388355298302,1.03764748941157,7.54854226378364e-06,2.05287742655131,2.45918474350104
"FBtr0333662",65.6043433176108,91.1021656116411,59.3207701561316,456.288253014989,473.011536969991,423.432996753377,0.0031605410773639,2.65822878150874,5.21763901736044e-06,6.31257569101908,2.50023856080006
"FBtr0073423",129.250348028726,137.643489348023,139.403809866909,840.688641222365,735.017927426942,984.35717833491,0.00358369676431047,2.63834007313176,8.01619395097249e-06,6.22614887185376,2.44566874542681
"FBtr0303749",848.939785915948,896.168042157991,854.219090248295,1929.98948157106,2182.05322128651,1821.26004250629,0.00363520514674667,1.1832580678326,8.82472743559128e-06,2.27089038254197,2.43947107542776
"FBtr0075811",1837.90078219635,1786.39463873261,1776.65706617614,3735.17364229557,4287.10456446163,3596.68969006987,0.00367741323449955,1.09767440685705,9.24421581229986e-06,2.14009435735947,2.4344575652959
"FBtr0290019",1107.4404819734,843.685272838241,933.31345045647,2680.81829178391,2964.07229509314,2991.92773941269,0.00367741323449955,1.58578334838163,9.52327823236749e-06,3.00170739040398,2.4344575652959
"FBtr0301403",683.460173667049,731.788047684813,698.996408339751,1572.54704266654,1461.03563533437,1727.60662675378,0.0037280237956007,1.16450399537691,1.00068383342001e-05,2.24156136533857,2.42852132425124
"FBtr0306107",205.625553682064,223.794450306857,202.67929803345,601.062425196988,673.016415181404,554.946303980309,0.0038229618220301,1.52428559647916,1.10125781725729e-05,2.87644243101401,2.4176000390368
"FBtr0330159",205.625553682064,223.794450306857,202.67929803345,601.062425196988,673.016415181404,554.946303980309,0.0038229618220301,1.52428559647916,1.10125781725729e-05,2.87644243101401,2.4176000390368
"FBtr0070393",107.708623357271,97.043611195009,101.833988768026,260.593509927598,276.00673193175,276.974995523386,0.00363520514674667,1.40119468733796,8.82666737265677e-06,2.64120208022474,2.43947107542776
"FBtr0332260",519.938900024646,411.940227113508,466.656725228235,1163.18559028985,1327.03236693272,1256.35060919061,0.0038229618220301,1.42181217159086,1.14195437051342e-05,2.67921836738866,2.4176000390368
"FBtr0078191",886.148219439369,1082.33333710352,1041.07951624011,2405.24814335472,2286.05575795645,2200.85527018403,0.0038229618220301,1.19604347767955,1.17202134942998e-05,2.29110484064207,2.4176000390368
"FBtr0074276",1144.64891549682,1280.38152321578,1022.29460569067,2554.01608580381,2626.06405091585,2559.52792625747,0.0040857104749949,1.16913037176206,1.27947730091871e-05,2.24876105175924,2.38873241194907
"FBtr0080565",456.292895313532,442.637695960908,465.668045725633,1088.30239778192,997.024317883893,1213.5091530485,0.00452194929678944,1.26487346304841,1.50278879934205e-05,2.40306132035078,2.34467431157226
"FBtr0332042",260.459034663947,213.892041001244,242.226478137537,662.965864336877,772.018829896053,647.603406799283,0.00461490905324671,1.53423005341582,1.64030153310356e-05,2.89633816055924,2.33583685326479
"FBtr0073269",455.313726010284,651.578532309346,614.958650618564,1968.92874167518,1867.04553810354,1802.33009676908,0.00461490905324671,1.72335574716607,1.61447623181691e-05,3.30203576663882,2.33583685326479
"FBtr0345142",1316.98271286845,1426.93718093886,1163.67577456278,2700.78714311935,2716.06624611099,2786.68727510399,0.0045394066253974,1.07129479991625,1.5376017840229e-05,2.10131842699615,2.34300091281638
"FBtr0089484",29.3750790974377,54.4632511808724,49.4339751301097,400.375469275734,369.009000300056,393.543608747257,0.00363520514674667,3.15556096880954,8.82838854581539e-06,8.91083710827301,2.43947107542776
"FBtr0332930",58.7501581948753,53.4730102503111,66.2415266743469,224.649577523791,238.005805071581,210.222028976383,0.0038229618220301,1.90623905435039,1.10840835005766e-05,3.74830682991058,2.4176000390368
"FBtr0309828",398.521906421904,344.603843835338,356.913300439392,871.640360792309,1036.02526913512,881.736946180563,0.00473266975074772,1.33623333906027,1.81766872196651e-05,2.52491240627096,2.32489379987005
"FBtr0072393",236.958971385997,166.360476334301,159.177399918953,707.895779841635,792.019317717194,832.917612437232,0.00473266975074772,2.06633044880084,1.8885119160272e-05,4.18820032388003,2.32489379987005
"FBtr0089361",182.125490404113,142.59469400083,168.075515442373,444.30694221372,510.012439439102,455.315010626573,0.00473266975074772,1.51490321454957,1.97950252853959e-05,2.85779655330523,2.32489379987005
"FBtr0299968",403.417752938144,347.574566627022,299.569889288465,1002.43633703949,1059.02583012943,1194.57920731129,0.00473266975074772,1.63406706102202,2.02651545535948e-05,3.1038676913196,2.32489379987005
"FBtr0329895",296.68829888412,314.896615918499,355.92462093679,672.950290004601,641.015634667578,677.492794805404,0.00479253996179265,1.04072508465873,2.12522764619916e-05,2.05726135330598,2.31943425714292
"FBtr0334328",633.522539201405,477.296128530554,486.430315280279,1505.65139069279,1657.04041598155,1805.31903556969,0.00482626320069747,1.64130496795569,2.19340944215554e-05,3.11947872011888,2.31638899749279
"FBtr0290076",432.792832035581,476.305887599993,451.826532689202,1025.40051607526,1096.02673259854,906.644769518996,0.00495776330560961,1.14634984729069,2.37638044302883e-05,2.2135314128753,2.30471421123529
"FBtr0084659",210.521400198303,202.99939076507,239.260439629731,443.308499646948,431.010512545594,448.340820091811,0.00542744569220797,1.01716165161652,2.77494507174946e-05,2.02393316774596,2.26540451346404
"FBtr0085423",193.875522043088,173.29216284823,202.67929803345,378.409732806741,411.010024724453,395.536234614331,0.00557790658938293,1.05328835630786,2.95881796458608e-05,2.07525461979886,2.25352876293752
"FBtr0071934",438.667847855069,436.69625037754,359.879338947198,1104.27747885028,1071.02612282212,1316.12938520285,0.00551348468832292,1.49461439766209,2.85417178854833e-05,2.81788824678154,2.25857382718127
"FBtr0087308",38.187602826669,43.5706009446979,43.5018981144965,157.75392555004,144.003512312217,146.458001229992,0.00473266975074772,1.82514692887854,1.79547695743093e-05,3.54343093286755,2.32489379987005
"FBtr0076459",32.3125870071814,20.7950595417876,19.7735900520439,298.534327464949,338.008244177288,300.886505928282,0.00347388355298302,3.6878664780168,6.47118238198822e-06,12.8871958866289,2.45918474350104
"FBtr0334867",175.271305281378,107.936261431183,166.098156437168,695.914469040366,659.016073706605,823.950796035396,0.00604493868446577,2.29584875019688,3.89548407957694e-05,4.91042790739346,2.21860809995345
"FBtr0070965",36.2292642201731,31.6877097779621,30.649064580668,132.79286138073,140.003414747989,129.520681359857,0.00461490905324671,2.01264122108436,1.65165787040209e-05,4.03520290972277,2.33583685326479
"FBtr0078144",623.730846168926,269.345533112678,267.932145205194,4568.87318555052,5988.1460536497,4207.42951832827,0.00604493868446577,3.76789754506603,3.82609717533943e-05,13.6222918842021,2.21860809995345
"FBtr0077234",1076.10706426947,1044.70418174219,891.788911347178,2189.58454893188,2611.06368504999,2210.8183995194,0.00583570882582317,1.21505583637496,3.49755679545198e-05,2.32149767554908,2.23390638547169
"FBtr0075077",94.9794224150484,78.229033514344,107.766065783639,323.495391634259,359.008756389486,291.919689526446,0.00614137346573582,1.79243390668682,4.0034517383847e-05,3.46398793858025,2.21173449174395
"FBtr0085209",59.7293274981232,60.4046967642403,54.3773726431206,178.72121945226,176.004292826043,209.225716042845,0.00583570882582317,1.67783355239316,3.43411308828456e-05,3.19947136042085,2.23390638547169
"FBtr0304993",141.000379667701,98.0338521255703,101.833988768026,389.392601041238,482.011756489505,410.480928617392,0.00634985568853959,1.91689781277304,4.46401307432322e-05,3.77610220283285,2.19723614468962
"FBtr0343424",100.854438234536,92.0924065422024,87.003796228993,202.683841054798,213.005195295155,215.203593644069,0.00626295610249329,1.16698291748536,4.24281553565724e-05,2.24541625669659,2.20322063228907
"FBtr0071835",60.7084968013711,37.62915536133,36.5811415962811,271.576378162094,336.008195395173,275.978682589848,0.00583570882582317,2.72777462350297,3.54312224997252e-05,6.62433036302274,2.23390638547169
"FBtr0078937",319.209192858822,348.564807557583,369.76613397322,783.777414916338,765.018659158654,662.548100802344,0.00654541066852644,1.08595434083533,4.91851466477665e-05,2.12277923401275,2.18406309999484
"FBtr0111030",199.750537862576,348.564807557583,363.834056957607,1751.2682621188,1819.0443673328,1427.71643375903,0.00654541066852644,2.49078121439137,4.97133387010781e-05,5.62082233495435,2.18406309999484
"FBtr0072561",59.7293274981232,47.5315646669432,48.4452956275075,163.744580950674,172.004195261815,194.281022039785,0.00626693745463816,1.75851935155664,4.31990919639254e-05,3.38350694904434,2.20294463962922
"FBtr0307520",799.981320753552,701.090578837412,796.875679097368,1520.62802919437,1791.0436843832,1497.45833910665,0.00646658265215256,1.05952119306779,4.69849429022297e-05,2.08423968175804,2.18932516715184
"FBtr0089963",192.896352739841,282.218665209975,249.147234655753,736.850614278035,694.016927393602,635.647651596835,0.0067999477101834,1.52233185787604,5.43021013065298e-05,2.87254970738395,2.16749442689172
"FBtr0089359",82.2502214728254,102.985056778377,124.573617327876,338.472030135845,309.007536836633,305.868070595969,0.0067999477101834,1.63238163309084,5.5166857313243e-05,3.10024371633909,2.16749442689172
"FBtr0336736",231.08395556651,212.901800070683,181.917028478804,536.163658356781,644.015707840749,522.067977173576,0.0067999477101834,1.43872447540549,5.63241993544881e-05,2.71081089594718,2.16749442689172
"FBtr0305668",282.000759335401,311.925893126815,243.21515764014,580.095131294767,613.01495171798,564.909433315682,0.0067999477101834,1.07246128918588,5.61680515409952e-05,2.10301813243505,2.16749442689172
"FBtr0087789",59.7293274981232,45.5510828058205,51.411334135314,152.761712716178,175.004268434986,172.362137501963,0.00646658265215256,1.66812616788611,4.71138507282797e-05,3.17801551495123,2.18932516715184
"FBtr0302615",47.9792958591482,50.5022874586271,49.4339751301097,598.06709749667,480.011707707391,739.26419668472,0.0067999477101834,3.5804868935092,5.65201722386161e-05,11.9628306299897,2.16749442689172
"FBtr0087257",1804.60902588592,1479.41995025861,1492.90604892931,3019.29032191975,3348.08166125905,3401.41235509654,0.0067999477101834,1.03272695840871,5.66957704937362e-05,2.04588770219262,2.16749442689172
"FBtr0332046",161.562935035907,128.731320972971,215.532131567278,541.155871190643,558.013610209842,505.130657303441,0.0077378852649975,1.68965140478273,7.82159382956535e-05,3.22578750280196,2.11137771415314
"FBtr0300599",156.667088519667,125.760598181287,164.120797431964,499.221283386202,436.01063450088,588.820943720579,0.00791249535276278,1.7627097077764,8.40954859010695e-05,3.39334874465517,2.10168653204822
"FBtr0079077",42.1042800396606,33.6681916390847,35.592462093679,110.827124911737,117.002853753676,124.53911669217,0.00701846133489968,1.65046809589435,6.19075687289676e-05,3.13935481938109,2.1537580882984
"FBtr0075204",118.479485692999,109.916743292306,95.9019117524127,268.581050461777,322.007853920374,262.030301520325,0.00795118538829424,1.38666131586897,8.99708102625914e-05,2.61472879664385,2.09956812049842
"FBtr0310055",36.2292642201731,57.4339739725563,49.4339751301097,192.699415387074,164.004000133358,179.336328036725,0.00775952287786095,1.91319600263473,8.03376178317552e-05,3.76642552498306,2.1101649820772
"FBtr0306917",10072.7146225114,8489.33549770216,8806.16832967774,17037.4239594043,18352.4476246792,20826.9255626649,0.00754734224793965,1.0340992353301,7.13879115929614e-05,2.04783465568297,2.12220595569013
"FBtr0344980",897.898251078344,689.207687670676,642.641676691426,1758.2573600862,2120.05170904097,1996.61111880887,0.0077378852649975,1.40481831995736,7.79585032156664e-05,2.6478443540823,2.11137771415314
"FBtr0078083",397.542737118656,474.32540573887,560.581277975444,1258.03763413323,1077.02626916846,1180.63082624177,0.00788852727720945,1.30222464999751,8.31857225499815e-05,2.46608862928565,2.1030040684105
"FBtr0334282",29.3750790974377,16.8340958195424,20.7622695546461,139.781959348137,150.00365865856,160.406382299515,0.0059241764703703,2.75346692087482,3.67255779143554e-05,6.74335673582847,2.22737201312069
"FBtr0081484",108.687792660519,114.867947945113,87.003796228993,266.584165328232,243.005927026866,284.945498991685,0.00805367533277783,1.35474743557473,9.93391282179409e-05,2.55752339226997,2.09400588205725
"FBtr0310034",69.5210205306024,72.2875879309761,64.2641676691426,153.76015528295,164.004000133358,145.461688296454,0.00797484725282678,1.15959546946665,9.58184497687374e-05,2.23394779114516,2.09827762650147
"FBtr0336616",28.3959097941897,41.5901190835753,40.5358596066899,453.292925314672,546.013317517157,355.683717272837,0.00791249535276278,3.59364471164577,8.74166918668049e-05,12.0724343384047,2.10168653204822
"FBtr0079042",74.4168670468421,75.25831072266,77.1170012029711,173.729006618398,159.003878178073,189.299457372098,0.00844566677087537,1.19067170320484,0.000105253724057052,2.28258993355437,2.07336605793657
"FBtr0089343",711.856083461239,635.734677420365,610.015253105553,1347.89746514275,1725.04207457343,1388.86022935108,0.00791249535276278,1.17892891702543,8.74839711144603e-05,2.26408624776245,2.10168653204822
"FBtr0303857",5122.03462528988,4582.83502663777,3867.71421417978,10753.2264441388,13002.3171325239,10417.4480330666,0.0077378852649975,1.33122118636874,7.91245377644021e-05,2.51615567777461,2.11137771415314
"FBtr0332529",659.960110389099,532.749620641988,581.34354753009,1094.29305318256,1305.03183032947,1238.41697638694,0.00795118538829424,1.03389307702401,9.05608269452665e-05,2.04754204501403,2.09956812049842
"FBtr0110971",30.3542484006856,27.7267460557169,38.5585006014855,120.811550579461,131.003195228475,109.594422689109,0.00788852727720945,1.8935983652753,8.24793350546427e-05,3.7156081575057,2.1030040684105
"FBtr0290077",228.146447656766,156.458067028688,112.70946329665,680.93783053878,876.021366565988,741.256822551795,0.00893182872950727,2.25319867181687,0.000117020827605866,4.76738676425135,2.0490596132476
"FBtr0085755",71.4793591370983,24.7560232640329,41.5245391092921,314.509408533307,383.009341774855,352.694778472225,0.00860107929883464,3.03858281975229,0.000110716767315056,8.21683513132994,2.06544704827763
"FBtr0085156",208.563061591807,69.3168651392921,68.2188856795513,953.512651267646,1182.02883022945,1076.01796822035,0.00899426433790092,3.41049166102067,0.000123854189603334,10.6331095894807,2.04603435283604
"FBtr0302896",57.7709888916274,44.5608418752592,43.5018981144965,131.794418813957,143.00348792116,157.417443498903,0.00894297540928337,1.56294493465637,0.0001201350795165,2.95456335409342,2.04851796343615
"FBtr0086670",180.167151797618,140.614212139707,163.132117929362,319.501621367169,372.009073473228,339.742710336239,0.00963200197892768,1.09063240678471,0.000135382584391012,2.12967370488169,2.01628343685896
"FBtr0303756",94.0002531118005,106.946020500622,98.8679502602193,258.596624794053,280.006829495978,216.199906577607,0.00999921569757745,1.31820127658796,0.00014762055513136,2.49355025020012,2.00003406315723
"FBtr0079708",257.521526754203,206.960354487315,221.464208582891,451.296040181127,471.011488187877,541.994235844323,0.00973670088470417,1.09080458503484,0.000139389084052773,2.12992788567752,2.01158817148674
"FBtr0335024",313.334177039335,754.563589087723,528.943533892173,4094.61296633363,4577.11163786818,3042.73969902309,0.00894297540928337,2.93992900229125,0.000120596140561053,7.67373530650958,2.04851796343615
"FBtr0087621",5346.26439573365,5584.95884836582,4601.31440511061,13026.6801686796,15785.3850128357,11140.7712228147,0.00850386632892361,1.34979610278928,0.000107065997750237,2.54876101080898,2.07038357504486
"FBtr0087390",275.146574212666,214.882281931806,207.622695546461,515.196364454561,566.013805338298,647.603406799283,0.00988050806242723,1.3094653398855,0.000144376872704697,2.47849670335953,2.00522072312132
"FBtr0071240",28.3959097941897,17.8243367501037,17.7962310468395,108.830239778192,118.002878144734,128.524368426319,0.0077378852649975,2.47415069241188,7.72691921190101e-05,5.55640089004997,2.11137771415314
"FBtr0087415",121.416993602742,104.9655386395,127.539655835683,245.616871426011,254.006195328494,222.177784178831,0.0105953761454161,1.02418189255869,0.000167121010874032,2.03380574922049,1.97488362083342
"FBtr0289981",334.875901710789,236.667582404155,280.784978739023,598.06709749667,715.017439605801,679.485420672479,0.010435424546312,1.23092500292707,0.000161396608947881,2.34717433785778,1.98148987775617
"FBtr0087115",26.4375711876939,17.8243367501037,22.7396285598504,86.8645033091992,94.002292759364,97.6386674866612,0.00800797828750917,2.04451715254863,9.7751891922685e-05,4.12535179544952,2.09647711305468
"FBtr0340709",45.0417879494044,42.5803600141366,55.3660521457228,145.772614748771,128.003122055304,165.387946967202,0.0108956757579738,1.60683498541329,0.000178263756249842,3.04582907939303,1.96274582931327
"FBtr0082183",359.355134291987,341.633121043654,555.637880462433,1169.17624569049,1126.02746433025,1146.7561865015,0.0105179628764809,1.48478176497039,0.0001640175715384,2.79874833531859,1.97806836637747
"FBtr0073339",361.313472898483,414.910949905192,331.207633371735,806.741593952103,743.018122555398,965.427232597701,0.0110513080937606,1.17667041060717,0.000184901977671585,2.26054464488219,1.95658631344682
"FBtr0303387",12894.6805544719,11523.433708942,11353.9954078836,23649.1106365712,28279.6897547027,21286.2258250257,0.0101643438095166,1.02229837423053,0.000153306393496894,2.03115223563543,1.99292065333728
"FBtr0343358",58.7501581948753,22.7755414029103,21.7509490572482,209.672939022205,254.006195328494,253.063485118489,0.0118220794939303,2.92629738453876,0.000209880414554701,7.6015698226388,1.92730612469791
"FBtr0330118",69.5210205306024,46.5413237363819,45.4792571197009,148.767942449088,174.004244043929,185.314205637949,0.0126048960425274,1.66322193006239,0.000240062569225613,3.1672306417264,1.89946073176801
"FBtr0307289",101.833607537784,73.2778288615374,26.6943465702592,603.059310330532,775.018903069224,584.83569198643,0.012805408983651,3.45775500487674,0.000249285752340038,10.987223884145,1.8926065463243
"FBtr0302692",306.479991916599,577.310462517247,435.018981144965,1508.6467183931,1386.03380600509,1324.09988867115,0.0113801778700294,1.71851298802807,0.000194587507680382,3.29097025754452,1.94385094994722
"FBtr0344179",125.333670815734,104.9655386395,99.8566297628215,230.640232924425,291.007097797606,243.100355783116,0.012805408983651,1.20488320044706,0.000249610132294598,2.30518605983743,1.8926065463243
"FBtr0072967",34.2709256136773,38.6193962918913,30.649064580668,86.8645033091992,93.0022683683069,84.6865993506755,0.0119425351018674,1.34301973153407,0.000212946078700135,2.5368174941051,1.922903473551
"FBtr0302322",98.8960996280401,80.2095153754666,64.2641676691426,196.693185654164,245.005975808981,234.133539381279,0.0135280148122742,1.4807245304635,0.00027147674640852,2.79088858249678,1.86876592988655
"FBtr0299526",156.667088519667,165.37023540374,148.301925390329,362.434651738383,420.010244243967,308.857009396581,0.0132384176293353,1.19859426282964,0.00026312698170405,2.29515925650068,1.87816392244294
"FBtr0081004",66.5835126208587,58.4242149031177,52.4000136379162,118.814665445916,135.003292792704,130.516994293394,0.0140431741342964,1.11061052565605,0.000308739816079629,2.15937009084962,1.8525347189008
"FBtr0329957",163.521273642403,88.1314428199571,99.8566297628215,398.378584142189,431.010512545594,546.97580051201,0.0140431741342964,2.00129817888879,0.000306086848141621,4.00360093601692,1.8525347189008
"FBtr0329955",163.521273642403,88.1314428199571,99.8566297628215,398.378584142189,431.010512545594,546.97580051201,0.0140431741342964,2.00129817888879,0.000306086848141621,4.00360093601692,1.8525347189008
"FBtr0344277",247.729833721724,106.946020500622,148.301925390329,613.043735998256,757.018464030197,774.135149358528,0.0138612313259193,2.16448454767958,0.000293223465768473,4.48306229806742,1.85819818860592
"FBtr0100595",157.646257822915,100.014333986693,137.426450861705,298.534327464949,353.008610043144,342.731649136851,0.0141528059603714,1.34645274934891,0.000316232272504195,2.54286125904858,1.84915744760997
"FBtr0335013",45.0417879494044,18.814577680665,18.7849105494417,139.781959348137,169.004122088644,170.369511634888,0.0138612313259193,2.63175631349695,0.000289198369296861,6.19780048497807,1.85819818860592
"FBtr0082139",59.7293274981232,41.5901190835753,98.8679502602193,263.588837627915,266.006488021179,237.122478181891,0.0149565483301739,2.01410603463416,0.000355725878094402,4.03930205851518,1.82516862131913
"FBtr0303787",306.479991916599,300.043001960079,304.513286801475,724.869303476766,889.02168364973,610.739828258401,0.0138585911265615,1.26639930361399,0.000285196289560478,2.40560421959674,1.85828091814126
"FBtr0339081",5.87501581948753,12.8731320972971,11.8641540312263,123.806878279778,120.002926926848,118.561239090946,0.00654541066852644,3.57288090448399,4.93899807734424e-05,11.8999277113141,2.18406309999484
"FBtr0080838",340.750917530277,446.598659683154,346.037825910768,966.492404635688,1109.02704968228,791.072469228663,0.0139287778250508,1.332026531686,0.000299103300902222,2.51756064543901,1.8560869888971
"FBtr0301450",95.9585917182963,40.599878153014,34.6037825910768,275.570148429184,336.008195395173,373.61735007651,0.0158373360138427,2.65190207739045,0.00040219617202921,6.28495352902033,1.80031786894525
"FBtr0088996",242.833987205485,287.169869862782,214.543452064676,523.18390498874,488.011902835847,622.695583460849,0.0147719364586913,1.13179923421034,0.000337633091479658,2.19131856725628,1.83056256912958
"FBtr0077972",86.1668986858171,85.1607200282732,114.686822301854,222.652692390246,191.004658691899,230.14828764713,0.0158373360138427,1.17214847103558,0.00041056374931302,2.25347035483326,1.80031786894525
"FBtr0310653",9.79169303247922,10.8926502361745,14.8301925390329,82.8707330421096,89.0021708040787,72.7308441482272,0.00894297540928337,2.74679264588665,0.00012057504518474,6.712232299052,2.04851796343615
"FBtr0076541",22.5208939747022,20.7950595417876,37.5698210988833,114.820895178827,94.002292759364,117.564926157408,0.0150968644566924,2.03237123593567,0.000365674674320089,4.09076662775878,1.82111324413469
"FBtr0307057",87.146067989065,66.3461423476082,65.2528471717447,180.718104585805,184.0044879545,244.096668716653,0.0167039166371476,1.46637846258209,0.00047643390295751,2.76327369155404,1.7771816860699
"FBtr0085094",20682.0140232026,11166.94697394,12094.5163553326,49852.2373589462,57654.4062176129,66281.7105294399,0.0138612313259193,2.02719828240789,0.000289481082430473,4.0761249660697,1.85819818860592
"FBtr0306616",27.4167404909418,50.5022874586271,39.5471801040877,165.741466084219,125.003048882133,173.3584504355,0.01690577533366,1.99395527141055,0.000494845344335419,3.98327551499825,1.77196490680246
"FBtr0302713",22.5208939747022,66.3461423476082,65.2528471717447,315.50785110008,258.006292892722,269.004492055087,0.0172154191917447,2.58538214878777,0.000510652058056131,6.00174552109962,1.76408239785358
"FBtr0085735",10.7708623357271,7.92192744449053,6.92075651821535,74.8831925079303,82.0020000666792,78.7087217494513,0.00712788703942731,3.1477934788792,6.37760711650683e-05,8.86298995923566,2.1470391914827
"FBtr0304933",423.98030830635,429.764563863611,458.747289207418,935.540685065743,1103.02690333594,776.127775225602,0.0154498595764723,1.08260010384075,0.000382124091269559,2.11784954785943,1.81107546351684
"FBtr0332405",511.126376295415,349.555048488145,543.773726431206,1304.96443477153,1616.03941594821,1148.74881236857,0.015243774273583,1.54227075025611,0.000373024903863523,2.91252563974822,1.81690749078829
"FBtr0336904",11.7500316389751,27.7267460557169,25.705667067657,131.794418813957,104.002536669935,129.520681359857,0.0158530427693341,2.54130474100202,0.000417596235858425,5.82115220879697,1.7998873687077
"FBtr0330269",34.2709256136773,58.4242149031177,57.3434111509272,184.711874852895,138.003365965875,161.402695233052,0.0188444060265799,1.70685878835631,0.000593742709216073,3.26449263894794,1.72481754690868
"FBtr0086272",57.7709888916274,61.3949376948016,52.4000136379162,163.744580950674,199.004853820356,132.509620160469,0.0188824367480631,1.50151047208095,0.000596147744202925,2.83138998061583,1.72394196141767
"FBtr0339643",1867.27586129379,1074.41140965903,1332.73996950776,3615.36053428288,4417.10773529905,4179.53275618922,0.0149565483301739,1.54350176492628,0.000354489073893806,2.91501188373734,1.82516862131913
"FBtr0112851",292.771621671129,421.842636419121,252.113273163559,786.772742616655,725.017683516371,745.242074285944,0.0163680650999233,1.25243461015958,0.000449904624554622,2.38243129522183,1.78600265632979
"FBtr0087004",206.604722985311,143.584934931391,180.928348976201,339.470472702618,426.010390590309,384.57679234542,0.0173506939277292,1.11912187120872,0.00052324451900348,2.17214719634418,1.76068315125022
"FBtr0075354",28.3959097941897,27.7267460557169,32.6264235858724,66.8956519737511,66.0016098097662,64.7603406799283,0.0184942268527567,1.14232452323616,0.000574435626665799,2.20736395391362,1.73296381955809
"FBtr0336620",31.3334177039335,25.7462641945942,33.6151030884746,68.8925371072959,77.0018781113939,69.7419053476151,0.0186369874266178,1.2397765098616,0.00058589210769135,2.36161945236914,1.72962428778322
"FBtr0310647",491.542990230457,372.330589891055,253.101952666161,1028.39584377558,1348.03287914492,1129.81886663136,0.0165148252862185,1.68859960270224,0.000467569987971802,3.22343658773562,1.78212601644018
"FBtr0087295",443.563694371309,314.896615918499,455.781250699611,798.754053417924,822.020049448906,923.582089389132,0.0167039166371476,1.0796189868029,0.000477193758343771,2.11347784166796,1.7771816860699
"FBtr0113470",140.021210364453,18.814577680665,17.7962310468395,653.979881235925,876.021366565988,748.231013086556,0.0201516903008006,4.3558547443231,0.000679612611825113,20.4758969314648,1.69568851986916
"FBtr0082158",28.3959097941897,19.8048186112263,19.7735900520439,70.8894222408407,73.0017805471657,92.6571028189744,0.0185387852203456,1.78420263175024,0.000577004435502545,3.44428048106797,1.73191872700841
"FBtr0080514",269.271558393178,387.184203849475,378.66424949664,843.683968922682,854.020829962732,672.511230137717,0.0173035265031765,1.2013042945178,0.000518652388955695,2.2994746521573,1.76186537751899
"FBtr0308631",152.750411306676,143.584934931391,107.766065783639,414.353665210548,579.01412242204,361.661594874061,0.0201151788337832,1.72594596180568,0.000674005428869043,3.30796956674835,1.69647610198509
"FBtr0309099",80.2918828663296,66.3461423476082,81.0717192133798,143.775729615226,141.003439139046,173.3584504355,0.0219333898184319,1.00028306349198,0.000789192718589965,2.00039244782155,1.6588942426649
"FBtr0332057",6693.60135700279,7977.38093660196,4936.47675649275,15089.4625116313,16441.4010133692,14870.9668459786,0.0163792677672671,1.26561510402809,0.000453264072552353,2.40429697089828,1.78570551721195
"FBtr0076771",345.646764046516,331.730711738041,232.339683111515,575.102918460905,657.016024924491,672.511230137717,0.0197706131405546,1.08025612389822,0.000639906914730038,2.11441142255825,1.70397986182288
"FBtr0339144",64.6251740143628,93.0826474727637,23.7283080624526,304.524982865583,346.008439305744,288.930750725834,0.0232729115223909,2.5622162865537,0.000872985491628445,5.90614299595886,1.63314928156024
"FBtr0089649",14.6875395487188,33.6681916390847,42.5132186118943,188.705645119984,192.004683082956,133.505933094006,0.0241954943418117,2.58798959249101,0.00093596016054843,6.01260253757883,1.61626550032833
"FBtr0304995",736.335316042437,485.218055975045,596.173740069122,1126.24321531927,1320.03219619532,1256.35060919061,0.0197477390355593,1.04021060821715,0.000637349537480505,2.05652784846,1.7044826205737
"FBtr0077409",315.292515645831,389.164685710597,204.656657038654,713.886435242269,765.018659158654,809.006102032335,0.0214963950275802,1.37441587812227,0.000765226051662438,2.59262918675666,1.66763436570766
"FBtr0081352",162.542104339155,81.1997563060279,97.8792707576171,347.458013236797,520.012683349673,366.643159541748,0.0244089572548626,1.88540769086711,0.000958532084073612,3.6945731440065,1.61245077314865
"FBtr0301857",81.2710521695775,110.906984222867,147.313245887727,328.487604468121,252.00614654638,308.857009396581,0.0246994384686525,1.4145039966196,0.000980274256345191,2.66568072667197,1.60731292013053
"FBtr0306930",47.0001265559002,33.6681916390847,36.5811415962811,87.8629458759716,91.0022195861928,117.564926157408,0.0263647623599708,1.32630055447621,0.00111628854660268,2.50758838856653,1.57897613884867
"FBtr0081504",60.7084968013711,54.4632511808724,40.5358596066899,112.824010045282,109.00265862522,137.491184828155,0.0278584057715495,1.20791613838936,0.00120535186983697,2.31003728634296,1.55504374018877
"FBtr0088774",1719.42129650335,1009.05550824198,1282.31731487504,2974.36040641499,3969.09680810549,3548.86666926007,0.0198698857169671,1.4079638023021,0.0006520955544796,2.65362370005878,1.70180463075799
"FBtr0089937",19.5833860649584,13.8633730278584,20.7622695546461,48.9236857718478,49.0011951617961,54.7972113445547,0.0260672072796418,1.48480888643405,0.00108347601837792,2.79880094994788,1.58390549464713
"FBtr0081008",132.187855938469,136.653248417462,156.211361411147,321.498506500714,244.005951417924,347.713213804538,0.0278584057715495,1.08474043510586,0.00120383179954694,2.12099384624652,1.55504374018877
"FBtr0303384",128.271178725478,170.321440056546,166.098156437168,860.657492557813,1112.02712285545,533.027419442487,0.0266416404324214,2.37141513789546,0.00113527108748487,5.17448447985216,1.57443903742912
"FBtr0303994",16.6458781552147,26.7365051251555,18.7849105494417,68.8925371072959,74.0018049382227,53.8008984110174,0.0300825724862734,1.65133668672696,0.00138425590784923,3.14124547247042,1.52168502815942
"FBtr0333595",7.83335442598337,5.9414455833679,5.93207701561316,36.942374970579,39.0009512512255,39.8525173414943,0.0150968644566924,2.47592374015651,0.000363852901507451,5.56323381044775,1.82111324413469
"FBtr0087307",518.959730721399,515.915524822446,316.377440832702,919.565603997385,1085.02646429691,1056.0917095496,0.0251424201961804,1.20825473692761,0.00101170847513436,2.31057951253851,1.59959291967884
"FBtr0088549",24.479232581198,54.4632511808724,101.833988768026,309.517195699445,253.006170937437,246.089294583728,0.0323554168123734,2.36589940565864,0.001610843592819,5.15473908654523,1.49005300109142
"FBtr0306919",20.5625553682064,16.8340958195424,20.7622695546461,47.9252432050754,45.0010975975679,55.7935242780921,0.0315969279184212,1.32976186259898,0.00150384172536313,2.51361180730531,1.50035514057575
"FBtr0339493",188.000506223601,232.706618681909,123.584937825274,434.322516545996,466.011366232592,383.580479411883,0.0298443010202202,1.2756062041753,0.00135923705854345,2.42100524382622,1.52513858821195
"FBtr0302938",135.125363848213,62.3851786253629,98.8679502602193,232.63711805797,271.006609976464,293.912315393521,0.0322526426894944,1.48312757570019,0.001596121654534,2.79554113894424,1.49143469472038
"FBtr0303912",1.95833860649584,11.8828911667358,10.8754745286241,101.841141810785,97.0023659325352,88.6718510848249,0.0201516903008006,3.77531210311185,0.000682584256370187,13.6924822316661,1.69568851986916
"FBtr0089409",55.8126502851315,25.7462641945942,24.7169875650548,98.845814110468,139.003390356932,118.561239090946,0.035503895898499,1.82009693742225,0.00189692956931969,3.53104923510224,1.44972398851151
"FBtr0310016",59.7293274981232,54.4632511808724,27.6830260728614,120.811550579461,152.003707440674,130.516994293394,0.0352842799222125,1.56384101280759,0.00188068571963477,2.95639904491443,1.45241874117446
"FBtr0290025",12.729200942223,17.8243367501037,16.8075515442373,193.697857953846,131.003195228475,257.048736852639,0.0343742578539065,3.53531673868388,0.00180142464627106,11.5940823975473,1.46376666955245
"FBtr0330730",687.376850880041,561.466607628266,401.40387805649,1300.97066450444,1880.04585518728,1308.15888173455,0.0263647623599708,1.45211446885922,0.00111537766519225,2.73608769069709,1.57897613884867
"FBtr0331642",29.3750790974377,17.8243367501037,16.8075515442373,55.9127837392546,58.0014146813097,71.7345312146898,0.0356580166787867,1.54823105291136,0.00190971669624412,2.92458324204679,1.44784281621991
"FBtr0332142",177.229643887874,177.253126570476,111.720783794048,300.531212598494,375.009146646399,323.801703399642,0.0319465887950785,1.12056435590231,0.0015624051521636,2.17432011295679,1.49557550829011
"FBtr0335012",244.79232581198,329.750229876918,157.200040913749,737.849056844807,931.022708074126,608.747202391326,0.0309018564383719,1.67556043323598,0.00145140334213437,3.19443422303137,1.51001542941909
"FBtr0306244",69.5210205306024,92.0924065422024,136.437771359103,288.549901797225,214.005219686212,258.045049786176,0.0351763541813418,1.38773089130021,0.00186026268971829,2.61666800523455,1.45374917457086
"FBtr0330330",56.7918195883795,46.5413237363819,51.411334135314,106.833354644647,149.003634267502,100.627606287273,0.0383276125621706,1.17585985612112,0.00214822753352231,2.25927495175578,1.41648823222927
"FBtr0072087",388.730213389425,195.077463320579,228.384965101107,700.906681874228,1067.02602525789,765.168332956692,0.030772317518567,1.67691661554193,0.00143369460414363,3.19743851147086,1.51183979502247
"FBtr0333020",253.604849541212,79.2192744449053,73.1622831925623,675.945617704918,659.016073706605,1096.94053982463,0.0336778840188226,2.78262375878531,0.00174555914483704,6.88102630432982,1.47265520303396
"FBtr0075039",21.5417246714543,20.7950595417876,27.6830260728614,61.9034391398891,73.0017805471657,49.8156466768679,0.0420287857261987,1.37195405726497,0.00246311730753015,2.58820888594141,1.37645315722343
"FBtr0308638",65.6043433176108,88.1314428199571,52.4000136379162,205.679168755115,245.005975808981,148.450627097066,0.0407097774981904,1.53171108639795,0.00236761521158303,2.89128552328854,1.3903012712775
"FBtr0100643",59.7293274981232,34.6584325696461,33.6151030884746,97.8473715436956,103.002512278878,136.494871894618,0.0435778265910405,1.42071869201882,0.00260061305068116,2.67718844388394,1.36073443363671
"FBtr0113011",53.8543116786357,33.6681916390847,28.6717055754636,153.76015528295,237.005780680524,123.542803758632,0.0435778265910405,2.12726772740322,0.00260962013041046,4.36889286284495,1.36073443363671
"FBtr0113190",4.89584651623961,4.95120465280658,7.90943602081755,28.9548344363997,29.0007073406548,28.8930750725834,0.0257983807695888,2.22825989015966,0.0010568647071839,4.68568473808768,1.58840755159107
"FBtr0089875",53.8543116786357,19.8048186112263,48.4452956275075,110.827124911737,144.003512312217,130.516994293394,0.0463562609555726,1.75896421000435,0.00294781617248001,3.38455042233115,1.33389160100545
"FBtr0308201",182.125490404113,207.950595417876,371.743492978425,710.891107541952,644.015707840749,552.953678113234,0.0360873082207919,1.38389196188899,0.00196269567942059,2.60971445616905,1.44264551108138
"FBtr0307016",36.2292642201731,20.7950595417876,19.7735900520439,64.8987668402063,95.002317150421,67.7492794805404,0.0481668560290988,1.58025875369086,0.00312759798846836,2.99023476091315,1.31725170024514
"FBtr0345034",9.79169303247922,7.92192744449053,8.89811552341974,26.9579493028549,29.0007073406548,32.8783268067328,0.0360588086161992,1.68228740833904,0.00195462920507542,3.20936395927769,1.44298862647546
"FBtr0073531",60.7084968013711,63.3754195559242,42.5132186118943,119.813108012689,110.002683016277,162.399008166589,0.0468531215845973,1.22607636127797,0.00299565369380928,2.33929914300564,1.32926146898531
"FBtr0302645",471.959604165498,399.06709501621,402.392557559093,881.624786460033,1244.03034247499,764.172020023154,0.0340963876115898,1.15161147640087,0.00177596701626163,2.22161908575269,1.46729163049303
"FBtr0100375",185.062998313857,82.1899972365892,26.6943465702592,444.30694221372,640.015610276521,557.935242780921,0.0447346448619378,2.85550695977369,0.00273891415464539,7.23757784217246,1.34935600607105
"FBtr0302592",100.854438234536,80.2095153754666,134.460412353898,264.587280194687,314.007658791918,202.251525508084,0.0446209842130046,1.30873294643329,0.00271769655237384,2.47723879782472,1.35046085463571
"FBtr0300877",95.9585917182963,108.926502361745,87.003796228993,197.691628220936,243.005927026866,160.406382299515,0.045375413907939,1.02082658672218,0.00282392597031756,2.02908118106879,1.34317940036654
"FBtr0081527",8.81252372923129,12.8731320972971,12.8528335338285,37.9408175373514,31.000756122769,30.8857009396581,0.0488319294151817,1.50173976666698,0.00318950801190744,2.83184002305021,1.31129611581802
"FBtr0345896",0.979169303247922,5.9414455833679,5.93207701561316,58.9081114395719,52.0012683349673,53.8008984110174,0.0232729115223909,3.81184198233435,0.000870068399860855,14.0436104878839,1.63314928156024
"FBtr0336467",13.7083702454709,5.9414455833679,5.93207701561316,29.9532770031721,40.0009756422825,39.8525173414943,0.0466844632953078,2.13231954495069,0.00297167031649048,4.38421802608023,1.3308276296648
"FBtr0332203",407.334430151135,582.261667170054,172.030233452782,1305.96287733831,1336.03258645224,1353.98927667727,0.0407097774981904,1.94698131546846,0.00237280738022303,3.85566929536354,1.3903012712775
"FBtr0273370",939.023361814757,763.475757462775,207.622695546461,3003.31524085139,3905.09524707783,3315.72944281233,0.0396133284664177,2.67172633581547,0.00227598787571481,6.37191197047509,1.40215866494569
"FBtr0112532",11.7500316389751,3.96096372224526,1.97735900520439,55.9127837392546,55.0013415081385,81.6976605500634,0.0394285767787622,3.62963906131607,0.00226285306750997,12.3774229323308,1.40418889901822
"FBtr0302695",395.58439851216,367.379385238248,343.071787402961,737.849056844807,592.014439505782,950.48253859464,0.0436163277747495,1.01495703186667,0.00262026894026104,2.020842704833,1.36035090212958
"FBtr0300039",377.959351053698,184.184813084405,323.298197350917,606.05463803085,792.019317717194,713.360060412749,0.0451959807740575,1.30424446162697,0.002793156094364,2.46954363728799,1.34490018477401
"FBtr0330725",396.563567815408,284.199147071098,205.645336541256,585.087344128629,827.020171404192,636.643964530372,0.0488319294151817,1.23963919201354,0.00318726269783141,2.36139468063352,1.31129611581802
"FBtr0301500",29.3750790974377,1.98048186112263,0.988679502602193,116.817780312371,165.004024524416,139.48381069523,0.04841711626922,4.86232190492818,0.00314694236887561,29.0873891985766,1.31500108076914
"FBtr0334849",0,1.98048186112263,1.97735900520439,21.9657364689929,23.0005609943125,15.9410069365977,0.0393195399261093,3.82973079570378,0.00224151783818556,14.218829443143,1.40539157244522
