"","RNAi_1","RNAi_3","RNAi_4","Untreated_1","Untreated_3","Untreated_4","padj","log2FoldChange","pvalue","foldChange","log10padj"
"FBtr0072393","242.229479496367","168.959883049669","161.82363249574","709.119498313014","792.026574191087","836.602035262451","5.71611470143941e-16","2.95267577873474","3.65316974591897e-20","7.74183617313332","15.2428990650976"
"FBtr0087390","281.468650861389","217.026174080831","210.859681469546","516.271030813562","566.455465858674","650.960154553121","0.00000297439812646489","1.88176133066525","1.90093827983951e-10","3.6852470329773","5.5266009011286"
"FBtr0079708","263.250817223462","209.593401268338","224.622982094273","452.017171042532","470.485083220269","544.781106670963","0.0000860857141498616","1.57055304455209","5.50173925671768e-9","2.97018551774528","4.06506891336228"
"FBtr0336736","236.373841308314","215.971111385985","184.621819696486","537.228237645612","644.930665507002","524.03888720789","1.58747951359551e-9","2.07556236413879","1.01455839048732e-13","4.21508686920137","8.79929187056502"
"FBtr0344277","253.369365455385","108.447415000252","150.610415697536","614.867041908471","757.655539953745","777.867626453552","0.0000702093157710896","3.0080620767157","4.48707840295837e-9","8.04483079113708","4.15360525938646"
"FBtr0088550","3262.55049444192","3163.224306261","3317.825388924","5188.04229906803","4841.15268977229","5706.04594588541","0.00000156706588522998","1.01879835739603","1.00151203759825e-10","2.02623057832556","5.80491274380563"
"FBtr0082183","367.143349616939","345.234112578188","562.48793485611","1171.28368478855","1126.61544992887","1151.79833011658","0.00000155161665298459","2.093076071954","9.91638430999292e-11","4.26656808952252","5.80921556790898"
"FBtr0087308","39.9521023320462","44.9566882305552","44.0171769586875","158.274709355565","144.891404312376","147.700407610797","7.65916353457619e-8","2.6451928381288","4.89497254079133e-12","6.25579327103878","7.11581865754152"
"FBtr0087307","530.237754779214","521.832771455118","320.30411702259","921.450261533371","1085.91670299121","1060.40278295435","0.00985359507556411","1.69507101146639","6.29743406120285e-7","3.23792823762092","2.00640528862711"
"FBtr0071835","62.2988401920482","38.596388355614","37.6945014906374","272.690066819911","335.372448093747","277.995261954468","1.93237548529747e-14","3.89646414165978","1.23498145669935e-18","14.8919847793999","13.7139084807423"
"FBtr0306917","10287.547241907","8573.6611200319","8908.87530012294","17065.1065760281","18349.7103908056","20906.2056238004","6.53360684402355e-10","1.49235374537463","4.17562909441015e-14","2.81347617288817","9.18484700249117"
"FBtr0070393","110.822404193607","98.8672763013223","103.382784267845","261.529433652991","276.981466111647","278.796493371998","8.09232031102436e-9","2.02438576251883","5.17180310029038e-13","4.06818634091682","8.0919269352738"
"FBtr0082790","551.831400737269","479.830620960045","567.698948088585","941.049127411929","885.119206359697","1107.49983907999","0.000111091448699647","1.28589513079426","7.09985611936136e-9","2.43833293979081","3.95431936973139"
"FBtr0073378","1358.09585049284","1194.27275310748","1345.23059413129","2110.78585229754","2006.25171700476","2456.46777635827","0.0000689477490738366","1.10851008471878","4.40645165679278e-9","2.15622851964703","4.16147990759936"
"FBtr0089963","197.878596883971","285.456558245707","252.212469945875","738.707861705019","694.75880386182","638.735206633997","8.60164602795643e-10","2.17840453995251","5.497313240849e-14","4.52652693752477","9.06541843335462"
"FBtr0087008","619.880443739199","488.902933168654","576.008562030782","916.732081918494","1050.2777840062","1022.12728008763","0.00016349750478583","1.21514698166238","1.04491279341618e-8","2.32164434567058","3.78648887093039"
"FBtr0339643","1908.22710124049","1085.91703402087","1348.31335237957","3621.47368240431","4417.26902757617","4195.24351719953","0.00000345535376117151","2.17681747320434","2.20831709667764e-10","4.52155017512341","5.46150748268639"
"FBtr0300190","89.9515115905419","70.9956725357625","96.5977503743291","870.362215839304","942.557384244672","850.194440021472","1.90491188296099e-66","4.90012690243295","1.21742946440914e-70","29.8596821329232","65.7201251090324"
"FBtr0071935","9512.35658550128","9365.2740948547","9487.82560969956","17651.2582912134","16288.3680886103","20064.0334754344","4.99116837369969e-11","1.36109501488237","3.18985644129845e-15","2.56880079182436","10.3017977792552"
"FBtr0305668","288.864166684617","315.496886317158","246.191768746538","581.835158805205","613.66219703638","567.165165667916","0.00000397657012929651","1.53881202984897","2.5414265541615e-10","2.90555150732577","5.4004913540894"
"FBtr0080514","275.626800892511","391.319913616544","383.669675892341","845.768056029594","853.813519660027","676.083022192648","0.000244751961636615","1.72064549573862","1.56421014658794e-8","3.2958383749363","3.61127381872996"
"FBtr0345114","362.392617238836","409.266243487324","332.903329454113","658.83784919775","696.290797720212","607.980492598572","0.00157347256173883","1.218197068132","1.00560654549679e-7","2.32655786272769","2.80314082592478"
"FBtr0075389","1097.77862804157","910.353698636788","970.960282717428","1609.04555501418","1628.90446984848","1988.18927518426","0.00025378096669505","1.19135887297679","1.62191453118841e-8","2.28367741245413","3.59554095264824"
"FBtr0080838","348.74277758517","451.889179074971","350.445197560933","968.087956237637","1109.38941755457","794.01452502685","7.77410400897425e-7","1.92638485705881","4.96843101487458e-11","3.80101536495239","6.10934965328265"
"FBtr0085755","73.3992033888383","25.9871930587214","42.0334701371046","315.979207260795","383.573324315383","354.152159085246","9.40461741718716e-8","4.21370193147143","6.01049237373756e-12","18.554560604375","7.02665886699122"
"FBtr0071105","2149.70971518466","2311.28549611288","1905.16855941556","3494.40970880054","3761.16132241918","3525.09868368036","7.21922711786443e-7","1.11724784483693","4.61380911220325e-11","2.16932746084035","6.14150929500842"
"FBtr0304933","433.240904403677","434.916720000784","464.088067905296","937.73192610707","1103.23949498643","779.567221180121","0.00000713858100169255","1.58250886021653","4.56226816750339e-10","2.99490213429188","5.1463881081651"
"FBtr0112851","299.373815716494","427.35460983717","255.148402820903","788.786926965051","724.956161878488","748.359933310425","0.00288526416108501","1.75747476244997","1.84397274946316e-7","3.38105799401853","2.53981441874755"
"FBtr0333662","67.4978949359939","92.9142046602102","60.6159010902191","457.404486045283","473.96414931122","425.070330627855","4.10752807737215e-24","3.81104582686058","2.62512179802656e-28","14.0358626184404","23.3864194592243"
"FBtr0332851","4.07028266074128","4.07005569524597","4.06473463798615","48.5883837023226","33.9704148828828","65.6960010441287","0.00000644350262495075","5.16265725866266","4.11804347475602e-10","35.819101875151","5.19087799022301"
"FBtr0100457","75.8953626103365","108.733725059638","104.107296706185","873.589114316529","931.265944009287","776.931328902472","3.66499473140661e-45","4.58922933375596","2.34229867157066e-49","24.0710861072153","44.4359266453401"
"FBtr0089484","30.9787644203534","55.3890685545896","50.730112812398","401.58662522933","369.028206562033","395.094654248209","4.28791057425797e-24","4.50155921692672","2.74040427830125e-28","22.6518851792247","23.3677542805707"
"FBtr0310647","502.833008951682","376.099013849135","256.664898961444","1030.41868004567","1348.20979454216","1134.82485388142","0.00008230562063337","2.37263648723244","5.26015342451397e-9","5.17886692304278","4.084570505897"
"FBtr0087621","5460.79951088771","5641.97309729267","4654.45095102749","13047.7019826445","15783.6656887926","11183.0907224227","7.98187445234999e-11","1.96056482492337","5.10121713577682e-15","3.89214329197653","10.0978951075568"
"FBtr0301450","98.6107136486586","41.6400135017473","35.4896445209328","276.379557810479","336.604492030858","375.238060264334","0.00112847695688718","3.62917732361473","7.21209789024847e-8","12.3734621449294","2.9475073046402"
"FBtr0112532","12.8783990003354","4.00224085272563","2.22962179303723","56.1929045247585","55.2518658431941","82.6535850675594","0.00514663030892648","4.91920768454894","3.28921218695372e-7","30.2572231301127","2.28847702672934"
"FBtr0303756","96.4426979685969","108.11769767289","100.699943967747","259.925807751562","280.447849026447","217.450050316394","0.0000464060092792053","1.91558536926891","2.96580873517002e-9","3.7726685823458","4.33342577746633"
"FBtr0070457","670.925526038982","608.371239153299","602.973916739654","1269.13201477128","1414.47614094427","1289.56707180248","1.69495919970935e-16","1.5773545016506","1.08324867368144e-20","2.98422125157392","15.7708407514753"
"FBtr0306255","595.79751396801","559.992935210255","519.680876254386","1036.55610967847","1169.06753169434","1049.04947677445","2.07801105038741e-10","1.405101459617","1.32805716775574e-14","2.64836406427803","9.68235214729399"
"FBtr0075753","1200.9939014399","1194.43556024803","1070.97816639467","3508.47298919081","4071.95192264183","3254.08872506242","1.29226337108099e-30","2.39365589967554","8.25885710411576e-35","5.25487300795307","29.8886489654813"
"FBtr0332148","780.122642654906","775.62491046818","892.299962431393","1334.05139222507","1321.68361916458","1289.95343183214","0.0000118236777911146","1.01443087253931","7.55651421429962e-10","2.02010582604814","4.92724741381457"
"FBtr0075927","407.970232697171","402.414963143947","375.20796569433","872.351424138131","923.774367379787","910.180250085103","5.76215508489636e-19","1.73999732797475","3.68259416175392e-23","3.34034549103127","18.2394150571267"
"FBtr0111030","204.518715368289","352.605004699376","368.532085193484","1753.98400158757","1818.39646071654","1433.20977422247","2.35590820646577e-15","3.53628049521379","1.50566128105437e-19","11.6018301233987","14.6278416350233"
"FBtr0302692","313.09421832173","583.600581696071","440.534921467351","1511.73044151117","1385.68433499842","1329.42111249284","4.34777354502124e-7","2.41695645391915","2.7786627117155e-11","5.34043201598846","6.36173308434399"
"FBtr0111029","212.376530047635","233.73794832973","277.869681204881","517.57603047098","484.163171595838","421.802264258324","0.00756704158512051","1.43164343382097","4.83609738935292e-7","2.69753828203174","2.1210738793351"
"FBtr0302694","426.201687958246","484.327200374039","394.458656147344","1345.72195632275","1435.22007602283","1303.18304420411","6.96649377476512e-31","2.3960003026023","4.45228719547845e-35","5.26341920410721","30.1569857466369"
"FBtr0087257","1843.25449385617","1494.23493682966","1510.13356150594","3024.44942795006","3347.90677318123","3414.17920595202","1.59671535196814e-10","1.48266441857679","1.02046101614887e-14","2.79464381349215","9.79677249906996"
"FBtr0302645","481.916781031713","403.891287113646","407.405588316321","883.559848709676","1243.27841638336","767.276980327872","0.00438850230086246","1.69946376125352","2.80469246556047e-7","3.247802177741","2.35768366960963"
"FBtr0345896","1.08846683507908","6.75476873405421","6.74924832662218","59.0251083597727","52.818617325478","54.7059963171478","7.88338809556343e-8","5.25510819458867","5.03827449067772e-12","38.1896076906257","7.1032870927936"
"FBtr0085094","21121.7760630842","11278.1697284052","12233.2572054439","49928.9001169381","57642.7712831814","66531.2019952291","2.05687066319313e-7","2.85358513401209","1.31454634319239e-11","7.22794302477925","6.68679301604835"
"FBtr0082139","61.5423701376072","42.380372267158","100.792857892103","264.942323977878","266.773261956445","238.962071805363","0.00323194579879114","2.78798125284163","2.06553703508094e-7","6.90662671957523","2.49053593115342"
"FBtr0303787","313.688008133868","303.694843815561","309.112911694775","726.63242058586","889.413365520492","613.731830155091","4.13274253131524e-7","1.84989940125784","2.64123635924793e-11","3.60475048338542","6.38376165029828"
"FBtr0310055","37.2279769931919","58.7782122894101","50.2465694097145","193.744386541734","164.874271986618","180.038769104297","0.00000145402931154712","2.74231703691997","9.29270346741943e-11","6.69144150375348","5.8374268385149"
"FBtr0300612","363.770337408798","384.397294080745","342.160174910585","601.204978837893","619.419962502797","578.113118594381","0.00234879599035881","1.06423426421065","1.50111586269496e-7","2.09105971823698","2.62915470314964"
"FBtr0301289","1159.09661886307","1127.66894196231","1051.25506905964","1951.94808285298","2203.67578724277","1915.1276377407","2.43572409112454e-10","1.26549584290966","1.55667162467217e-14","2.40409822668258","9.61337190835794"
"FBtr0307520","817.118140317079","708.81103752487","806.497064917784","1523.06422481307","1790.57928954037","1503.78581485736","2.38463878455544e-11","1.53084091370096","1.52402299773467e-15","2.88954214783136","10.6225773968147"
"FBtr0336616","29.8814002557459","42.4301578026372","41.5073254984489","454.886924959835","546.101677005381","357.11469627478","5.82376138049089e-28","5.20635695864482","3.72196675432408e-32","36.920673324991","27.2347964278673"
"FBtr0308065","403.437102764174","342.379982945877","354.988598647111","972.453195206221","983.881226731579","1092.90809027698","1.85938005042545e-22","2.14281978437","1.18833006354282e-26","4.41624369489309","21.7306318329644"
"FBtr0301403","698.54258799125","739.525787952889","707.438445444479","1575.50658575553","1461.82214103987","1734.9839122823","2.40288598516705e-18","1.68509359768244","1.53568478632776e-22","3.21561257540505","17.6192668355996"
"FBtr0100595","161.809021650074","101.440150367617","139.321095508946","299.611678786145","353.421053781273","344.616858022228","0.00128482144383516","1.91302419346684","8.21129573614855e-8","3.76597701168891","2.89115722357414"
"FBtr0335178","3499.57528856624","2980.6616043075","2901.67935341348","5149.23202254107","5986.17315113417","5851.91858677718","2.38020379472581e-7","1.25634160288697","1.52118859508264e-11","2.38889195159899","6.623385856752"
"FBtr0087295","453.534824209989","318.070759724146","461.190385070736","800.339222657203","822.113237134567","927.90775400592","0.000961956491031462","1.53379561541873","6.1478653481911e-8","2.89546611908115","3.01684457051132"
"FBtr0306107","210.343889441511","226.798882079625","205.74656330036","602.767732258633","673.354105793157","557.14514270195","1.69895400689432e-15","2.20568017192984","1.08580175554056e-19","4.6129196782874","14.7698183779422"
"FBtr0330159","210.343889441511","226.798882079625","205.74656330036","602.767732258633","673.354105793157","557.14514270195","1.69895400689432e-15","2.20568017192984","1.08580175554056e-19","4.6129196782874","14.7698183779422"
"FBtr0339081","6.5128762079185","13.0401907677733","12.1067315542765","124.480310008724","120.683250166428","119.762117041069","9.65457132341847e-15","5.11892887545531","6.17023795195147e-19","34.7497062072952","14.0152670047439"
"FBtr0087533","2298.76409574725","2182.13973106093","2198.43128524952","4379.13436948852","4483.61394742428","4698.19611368917","2.18599466349496e-24","1.49496982329547","1.39706951076562e-28","2.81858255366461","23.6603509025956"
"FBtr0084659","215.799371717213","205.842379603186","242.755460628146","444.041900345029","431.962078501676","450.428168472429","0.000012013765920454","1.46469051782461","7.67799956570202e-10","2.76004256806759","4.92032083422032"
"FBtr0330730","702.853341748928","567.133953040801","406.283472685502","1303.18771750158","1880.11572846143","1313.66685159438","0.00134309885436248","2.07489109406346","8.58374675249239e-8","4.21312609201459","2.87189202134158"
"FBtr0079491","14792.4549468323","17433.3242038348","15544.532668306","31448.1776684066","30116.239357647","30267.3116614858","3.67390526427272e-13","1.38131897977603","2.34799339443517e-17","2.60506429500779","12.4348720466513"
"FBtr0087789","61.9667678133679","46.8577543339947","52.2098578562941","153.968692116572","175.428145735934","173.648980717953","0.00000486070830280295","2.40600081713859","3.10647939081163e-10","5.30003107010333","5.31330044069961"
"FBtr0290019","1132.13160361009","852.618174924121","945.567854458098","2685.40846665679","2964.65546086409","3003.09537191711","5.41349984060311e-23","2.27489394065086","3.45976854387621e-27","4.83962056035767","22.2665218716723"
"FBtr0330269","35.7246220674093","59.2002225346453","58.2286556854164","185.028084738837","138.39726283044","162.551810964446","0.008039009208736","2.43300679954041","5.13773196698153e-7","5.40017739191129","2.09479747385031"
"FBtr0332529","674.219296401076","538.87224941355","588.166882342171","1095.88214886609","1304.77405384127","1243.15582555782","2.8907582371888e-8","1.48707172409656","1.84748401430868e-12","2.8031942564958","7.53898822816514"
"FBtr0330118","71.3512161513146","47.1175246351269","46.2326824472892","149.184027569219","174.664886700875","186.107209045039","0.00136781290803462","2.37449494112842","8.74169430583896e-8","5.18554254538383","2.86397330215164"
"FBtr0301504","692.00769195597","761.748359787814","804.016002609385","1326.459434398","1408.9911632079","1088.6615237013","0.00530775662752041","1.11728857074645","3.39218804085154e-7","2.16938869975668","2.27508899872171"
"FBtr0079077","43.0261704697073","34.4479074402612","36.2386677006528","111.18736928694","117.957490332449","125.148277156738","0.000135062150087491","2.38684885752208","8.63182399741106e-9","5.23013743541797","3.86946634092044"
"FBtr0300599","160.568226721838","127.338990173427","166.346360618164","500.290946330759","436.712743121981","591.862984615726","4.09717783972358e-11","2.5490372572276","2.61850695962394e-15","5.8524360185176","10.3875151849035"
"FBtr0343424","103.799171763238","93.4210489905653","88.9177496760161","203.840157308051","213.961952693942","216.66742984269","0.000519125810342006","1.68416276101883","3.31773381697454e-8","3.21353850944917","3.28472737795905"
"FBtr0302615","49.1865685505273","51.1382200943889","50.2208906586212","599.10962842844","480.672302164921","742.415824092177","2.22230211779124e-36","5.21229003983543","1.42027361014331e-40","37.072822180166","35.6531968998639"
"FBtr0088996","248.573852647076","290.912394503237","217.649048406511","524.6199007224","488.070005119724","625.548577238305","0.000468885452455275","1.63082826701272","2.99664761587061e-8","3.09690744526566","3.32893324138443"
"FBtr0077645","315.874485818994","236.757789814725","169.888769062973","1941.34772049391","2121.58572933081","2125.20668033788","5.97862222881581e-31","4.4966567797029","3.820938345252e-35","22.5750422038615","30.223398887477"
"FBtr0335024","320.044548291015","762.901266395901","535.69612069777","4101.18834291235","4575.93888179471","3054.45285346033","1.02484757834188e-10","4.14458302731326","6.54980237963747e-15","17.686577878714","9.98934072076172"
"FBtr0081352","166.175157322086","82.0249924055746","99.4845181698541","348.196736468563","520.381995914766","368.445986672478","0.00339225921706722","2.66264105544948","2.16799336426613e-7","6.33191134254772","2.4695109688444"
"FBtr0081354","288.572859841311","314.122578221664","271.414984249484","571.129312578907","668.45445586641","493.109357930046","0.002070516314148","1.44622333659293","1.32326728072346e-7","2.72493787099216","2.68392134322654"
"FBtr0079042","76.8852419292415","76.1950389953452","78.0222095382034","174.809810391392","159.57001369237","190.730161540548","0.0048576119320465","1.72888930631114","3.10450049980603e-7","3.31472527920749","2.31357718333547"
"FBtr0072956","1532.27652817353","1134.80663816695","1242.00037821763","5945.88037774516","7147.85546350741","5857.87045933985","6.19249593756922e-37","3.30645365876741","3.95762506395425e-41","9.89331257314167","36.20813426965"
"FBtr0304995","752.691904490246","490.425877985649","604.021402370103","1128.2957490016","1319.70487149786","1262.03716863065","0.00188538365186932","1.47268826253219","1.20494896904794e-7","2.77538566804663","2.72460026299859"
"FBtr0304993","144.171147085109","99.0338877920526","103.479206307904","390.642229173768","482.664950812167","412.352939677931","3.00579017787193e-11","2.74818176390726","1.92100094450817e-15","6.71869837326046","10.5220413390428"
"FBtr0078144","637.772456695318","272.454977227861","271.551699611895","4576.75696291087","5987.35278002153","4223.67763586424","2.00615930506417e-13","5.28236876602806","1.28213670675795e-17","38.9180836081859","12.6976345834974"
"FBtr0071934","448.709420999929","441.16217858798","364.688131441243","1106.05775441696","1071.79862121218","1321.90313125369","3.33057665789862e-16","2.15707962847922","2.12857203163458e-20","4.46011104062722","15.4774805659947"
"FBtr0334867","179.633681810786","109.358444560636","168.945374250911","697.342602018402","658.323319120093","827.174665284127","6.10339183375625e-15","3.27805846418865","3.9006786181097e-19","9.70049565020374","14.2144287477272"
"FBtr0345142","1345.77656140582","1441.49188457286","1177.02940106625","2705.06118018117","2716.3515897958","2797.51932886826","2.28189547153625e-15","1.53868432916328","1.45835973128155e-19","2.90529433274046","14.6417042535088"
"FBtr0078937","326.792563283543","352.468563808581","375.114698396634","785.654897243736","765.855401807919","665.817492965504","1.67429331873453e-8","1.56859308063709","1.07004110611269e-12","2.96615313133645","7.77616845581182"
"FBtr0083967","85.0615139589545","84.5421216817363","87.2863414640488","331.245016636041","322.8348202005","351.254158170279","1.59450197733893e-20","2.86294844195181","1.01904644809799e-24","7.27500602057302","19.7973749378529"
"FBtr0070985","149.240823660637","142.155251465878","134.870754220781","575.131560751587","653.509848700771","547.058952632138","3.58342886167712e-27","2.99458500409484","2.29016991223693e-31","7.97002916812781","26.4457012127342"
"FBtr0078083","405.897682060538","479.140411647209","567.711873924711","1259.880358","1075.36244711069","1185.8527132462","1.40202433507769e-9","1.86498567267065","8.9603395863596e-14","3.64264315928868","8.85324444821085"
"FBtr0074276","1169.10830701079","1293.81958112142","1034.87443654869","2559.3208971903","2626.94160473089","2569.30454923227","4.26877741086627e-17","1.67864675618524","2.72817627076518e-21","3.20127531454245","16.3696964902541"
"FBtr0342815","26.5313765362918","32.2592284216386","31.3507175705679","355.79517172436","510.050105633685","209.288642694051","5.40471495547955e-12","5.19619487331342","3.45415412250243e-16","36.6615244888807","11.2672272057859"
"FBtr0075341","2822.54701532448","2554.80528792947","2600.14892432507","4651.15650494258","5209.93053122915","5189.48567540682","3.25520883431209e-14","1.3418963270818","2.08040444450188e-18","2.53484288221631","13.4874211445213"
"FBtr0085209","61.3876290464655","61.5292495884117","55.1863034413392","179.995282451934","176.505971467022","210.011583725063","1.64824214999331e-7","2.4334229105784","1.05339180034084e-11","5.40173516915789","6.78297898397359"
"FBtr0339612","574.829090838414","610.416651773834","593.599885861874","1174.44301136622","1040.96607986028","1177.33117888039","6.39501055705154e-11","1.36592486286904","4.08705218703364e-15","2.57741502288942","10.19415873424"
"FBtr0329957","167.686150378834","89.991313942934","101.415640343919","399.844428759726","431.990954662807","549.80912151268","0.0000141559104821821","2.83161015153345","9.04704446998284e-10","7.1186819790099","4.84906219237652"
"FBtr0329955","167.686150378834","89.991313942934","101.415640343919","399.844428759726","431.990954662807","549.80912151268","0.0000141559104821821","2.83161015153345","9.04704446998284e-10","7.1186819790099","4.84906219237652"
"FBtr0075811","1877.14509364222","1804.02819390575","1797.69742758182","3741.64381316449","4286.31368491714","3610.39973165077","4.32461041751374e-18","1.5888263899928","2.76385915352064e-22","3.00804550096187","17.3640530098511"
"FBtr0334849","0.215455413763562","2.67076598117156","2.66524575067907","22.38835277371","23.3483988355104","16.7741375653521","0.000792800913073651","5.51726646098256","5.06679180081582e-8","45.7997069133583","3.10083585834289"
"FBtr0301847","635.218271902474","779.948675963626","667.123910764843","1223.10517086078","1267.58290389178","1184.60702958817","0.00000245806559200793","1.20373039758351","1.57095008117079e-10","2.30334480886305","5.60940653240683"
"FBtr0090022","1496.12963524977","1470.50500916098","1234.37413689436","2372.42694902978","2714.39115941969","2371.34730383714","0.00000234375493730537","1.21536520743926","1.49789412494751e-10","2.32199555015011","5.63008780005153"
"FBtr0073339","369.033681162551","419.165931097649","334.995194391093","808.038279784968","743.151563564069","969.409407406262","5.8924816814309e-7","1.70439413172994","3.76588590875625e-11","3.25892043938253","6.22970175893785"
"FBtr0332102","228.045363051177","248.1550834814","221.156011181063","465.776505772362","472.475099309997","406.394200836257","0.000260722562438922","1.38564515744958","1.66627827979115e-8","2.61288776780023","3.58382138417986"
"FBtr0334328","647.204090581067","482.951864894853","492.721417706842","1508.80876562043","1657.6956456391","1812.32132494319","7.04293921771181e-18","2.35507231967914","4.50114348930262e-22","5.11619878442399","17.1522460596591"
"FBtr0339189","15.0904012075833","21.5634474261066","37.9200580924082","226.117540705527","117.002120880037","316.079222562906","0.000448242083709315","4.59133670480124","2.86471581587087e-8","24.1062728758772","3.34848737166365"
"FBtr0333595","8.88884425896911","6.58875141043203","6.58343347062214","37.5886250559481","39.1887603170129","40.1011949157453","0.0000343242552243311","3.64736865346902","2.19366365592964e-9","12.5304702560504","4.4643988774116"
"FBtr0290076","442.543551755069","481.220906672996","457.164406526814","1027.78412031624","1095.44207306832","910.440706984694","5.79760924915091e-13","1.65896005775757","3.70525292334052e-17","3.15788811676662","12.2367510588424"
"FBtr0299968","413.142699754012","351.763489746452","303.562922594131","1004.35199180476","1059.51487606788","1199.64494041528","5.89844656758245e-17","2.34596915896526","3.7696980683725e-21","5.08401807309364","16.2292623503846"
"FBtr0079253","1979.55041288126","1917.3243429458","2000.18925834286","3357.96254378975","3468.17607633345","3449.05891836083","9.29865703244614e-16","1.17665523423217","5.94277307627413e-20","2.2605208652948","15.0315797703185"
"FBtr0340709","46.1036995402671","43.6015004570131","56.4472379713272","146.709420010831","128.045683281293","166.605867445392","0.000421060167494568","2.32779135177224","2.6909961493869e-8","5.02036184816037","3.37565584111484"
"FBtr0085156","213.382439515087","70.2016070106993","69.3069015876912","956.092021516612","1182.93873955571","1081.54428823016","0.0000111719604727757","4.62539126120882","7.14000158035132e-10","24.6820661148366","4.95187060953438"
"FBtr0330186","412.43983011281","417.059915597491","436.452044928901","794.377740536039","845.647343242716","708.023933058817","0.00000132300901614747","1.30712464433086","8.45535256692954e-11","2.47447873534831","5.87843719613771"
"FBtr0075793","412.43983011281","417.059915597491","436.452044928901","794.377740536039","845.647343242716","708.023933058817","0.00000132300901614747","1.30712464433086","8.45535256692954e-11","2.47447873534831","5.87843719613771"
"FBtr0070965","37.9091713450084","32.7490398764665","31.8321467439938","133.610494038861","140.304842222818","130.284646136237","1.22906371199016e-8","2.91595273477716","7.85494798996718e-13","7.54725874166347","7.91042560364847"
"FBtr0336904","12.8483518782148","28.8325950901647","26.9335213938049","132.637854932815","104.566915501173","130.136381791923","0.0000774160984660016","3.57678302279146","4.94766399092488e-9","11.9321575162079","4.11116871957586"
"FBtr0075204","121.307258447466","111.304806037626","97.8607333287649","269.698867069735","322.736184256795","263.612049527371","0.00000370652272778281","2.00448571577069","2.36883922015901e-10","4.01245640002269","5.43103333251232"
"FBtr0307374","0","4.82929060673842","4.82367935497273","35.7368315480034","28.7149035077889","31.589019158385","0.000176847810862991","5.061959281498","1.13023461917934e-8","33.4042388657964","3.75240031179499"
"FBtr0088774","1756.44458580143","1019.88916625827","1297.86829467948","2979.75880627873","3968.78209202027","3562.704982057","0.000127949930175743","1.99352129892407","8.17728191830657e-9","3.98207749881012","3.89295994677795"
"FBtr0306616","28.382927875789","51.1699718218473","40.7983827471168","166.726688682656","125.610857708433","174.621015061617","0.000545901731416332","2.85295137253274","3.48885876791929e-8","7.22476855912052","3.26288552825611"
"FBtr0289981","342.890353720423","239.090892041615","284.841199741593","599.310058348378","715.99788868031","682.567716914371","0.00000996687691690528","1.76038915692382","6.36983250265564e-10","3.38789498724807","5.00144090490138"
"FBtr0303912","2.20719790729209","12.4827455957439","11.5372426192235","102.377585538965","97.0750664866929","89.5621615336572","0.00000841194873555117","5.07948673520773","5.37607767338862e-10","33.8125457346215","5.0751033826732"
"FBtr0089649","15.587190053134","34.1830493690163","43.6555112188965","189.705958933694","192.45981865228","134.650878748426","0.00145971559105771","3.59915042205268","9.32904448813003e-8","12.118594001766","2.83573175330215"
"FBtr0071240","29.1624688925379","18.913931363324","18.0132125256544","109.963757259074","118.304186140852","129.951817123798","8.26181745527247e-8","3.55026643028038","5.28012875009425e-12","11.7148488121728","7.08292440498321"
"FBtr0080565","466.141688139523","447.153689169986","471.782346072809","1090.37701737551","997.307287869291","1219.02017416091","1.15678946254858e-16","1.83298949630451","7.39304315554789e-21","3.56274566338159","15.9367456761161"
"FBtr0332205","28.4203113156779","18.0123727197038","17.1224493058574","233.567991167471","405.517698765408","102.062297962642","0.000337818754548361","5.13664758187557","2.15900015688861e-8","35.1791222557973","3.47131624354308"
"FBtr0303387","13168.904555715","11638.1384966329","11485.3003046359","23685.8288753857","28275.4732657445","21365.8220392202","8.73647865610698e-8","1.48462825824133","5.58348479331947e-12","2.79845055662363","7.05866357976625"
"FBtr0332405","522.33826103635","353.178823925521","550.687213391317","1307.75475082692","1616.3625158614","1153.10985561015","0.00000133631286237963","2.20793878510232","8.54037746775502e-11","4.62014709689995","5.87409185136787"
"FBtr0303384","131.586647703938","172.469625019714","168.809363237117","862.443974865946","1112.6857888817","535.218856302208","4.33061330402659e-9","3.50115211641037","2.76769559917338e-13","11.3227470794954","8.36345059424873"
"FBtr0332046","165.710008168634","130.45261249137","218.938071833967","542.185311925139","558.152384788065","507.461320733656","1.13446251318613e-7","2.39674679727155","7.25035158935344e-12","5.26614336338135","6.94520985022892"
"FBtr0307306","525.426545210833","461.685531494586","459.913130436632","820.806913072707","1004.21405987417","816.896033060116","0.00017029748502725","1.27467460253445","1.08837147713459e-8","2.41944241568252","3.76879176570066"
"FBtr0310653","10.6522576300472","11.3500597586715","15.9710568126088","83.7774418807834","89.0679512612942","73.3449468302041","1.09311572624937e-8","3.99400646111694","6.98610421326367e-13","15.9336674083605","7.96133385761939"
"FBtr0077234","1100.01234678209","1055.53298513393","902.687619347895","2193.59708889143","2611.63609956636","2219.26370736898","5.41506184220589e-14","1.75154474097325","3.46076681933015e-18","3.36718909148834","13.2663965791909"
"FBtr0332930","60.8439400530286","54.455535131212","67.3011494238656","225.092547545161","238.953152597368","211.422089665813","1.16499623802068e-11","2.75425244936172","7.44549266965346e-16","6.74702940470528","10.9336754770495"
"FBtr0290025","13.6141989414838","18.4228965444327","17.5073712627663","194.983095088326","131.279330645611","258.711438590606","3.37858994379512e-12","5.20315850705075","2.15925732970865e-16","36.8389109439723","11.4712645149293"
"FBtr0076792","854.131496208474","779.571151001901","679.277649037741","1221.11120856677","1296.84200666486","1407.69352980059","0.00030890329191166","1.12147724369635","1.97420139267374e-8","2.17569638331132","3.51017746349702"
"FBtr0303106","231.777377412477","203.479954478758","216.836430430268","366.097670727943","412.807449420928","381.636736431226","0.0073642559968558","1.22389486584936","4.70649709008487e-7","2.33576456782468","2.13287112292611"
"FBtr0290077","233.526882214326","158.33612870312","114.912916819341","682.620057802316","876.942615690484","744.922990816613","1.57201331471823e-8","3.17655494770031","1.00467394051143e-12","9.04145493772219","7.80354377987157"
"FBtr0085735","11.3040364412004","8.95597748042458","7.1373306978867","75.3932141158788","82.3895655125384","79.6762995940781","1.71372344315736e-11","4.58502267847215","1.09524090442728e-15","24.0010011098014","10.766059262227"
"FBtr0087530","1630.15257270332","1930.87133287561","1750.63496136054","3307.79111629601","3426.49789415239","2608.38902036576","0.00134318324909266","1.1967003981271","8.58428611933702e-8","2.2921483157277","2.87186473294504"
"FBtr0077409","322.128041801404","393.026593003554","207.436131434963","715.809596663898","765.984141952343","812.611222155498","0.009873514874282","1.9151620285694","6.31016480749153e-7","3.77156170264751","2.00552821523662"
"FBtr0071690","1005.67085816922","898.811010882553","958.520545541665","1567.2257145485","1569.03652881052","1812.35853058565","3.13448455033658e-7","1.16081804519098","2.0032495368675e-11","2.23584169652313","6.50383386642802"
"FBtr0302713","23.4593643865446","67.2015628172935","66.2372377595897","316.510721012858","258.934428111103","270.445885808746","0.000893733715488561","3.53115964734323","5.7118534894137e-8","11.5607224118128","3.04879185829619"
"FBtr0332500","421.008321301811","386.683778427402","420.321955130178","818.096906633472","875.872656143234","802.227374112647","5.66504711851603e-12","1.49773133634506","3.62053244616606e-16","2.8239828679534","11.2467964735806"
"FBtr0072561","61.9668548442096","48.7455295533488","49.6350459702675","164.43910385264","172.217868419227","195.488520657316","5.03739976208579e-7","2.54011574465239","3.2194029284117e-11","5.81635668568951","6.29779358267836"
"FBtr0087115","27.334703433636","18.7156273978511","23.2008930487562","87.0583528259671","94.1507305041119","98.6479250681877","0.00001849568068697","2.9503001317116","1.18205922457787e-9","7.7290983906169","4.73292968093928"
"FBtr0086272","59.6501613166659","62.3447254583263","53.2603445446787","164.98938449776","199.432367857895","133.16202998452","0.00365448820610692","2.19810089197602","2.33558394970724e-7","4.5887489906154","2.4371734353482"
"FBtr0073269","465.092793299248","658.113814041629","622.301663652957","1972.74427722551","1867.99434135347","1809.58000059552","6.31234966985286e-20","2.4653967374115","4.03422360187439e-24","5.52278795720868","19.1998089515791"
"FBtr0344179","128.512770835784","106.893996098606","101.595145833637","231.166405643818","291.284321750534","244.530108659132","0.0020807075477729","1.7405027839042","1.32978049963118e-7","3.34151600398865","2.68178895742122"
"FBtr0084549","144.614976336998","101.717088034149","113.505835135734","929.517633602594","946.348218186793","1040.70753296581","1.07322289956805e-51","4.38375297752466","6.8589691287023e-56","20.8757044576649","50.9693100692745"
"FBtr0110971","31.9717263530578","28.8797360506962","39.9156502471992","121.175701100391","131.005818839337","110.770223787561","0.0000131059885177397","2.73482183487216","8.37603918817647e-10","6.65676775168537","4.88253021686855"
"FBtr0076459","33.7442337106214","21.8803048453384","20.9675161517615","299.543602186599","338.578024297987","302.286327342691","1.83821560621722e-31","5.29927504820917","1.17480386413831e-35","39.3768294653243","30.7356035511116"
"FBtr0079632","522.831866001622","442.115361274758","492.889202846343","848.910843093603","890.212500290852","952.579366437928","3.18114525807758e-7","1.29812431034646","2.03307040204357e-11","2.4590896137377","6.4974164996002"
"FBtr0332057","6836.05055308013","8056.9681966129","4993.68167563116","15113.1115249515","16439.2958655754","14927.6004987888","0.0000116001828990746","1.78769222168295","7.41367859594467e-10","3.45262158837489","4.93553516323578"
"FBtr0303857","5231.26011753274","4629.66565975073","3912.81952313584","10770.4800127331","12999.936350517","10457.1192620712","1.26858071999536e-11","1.91530815187045","8.10750124621564e-16","3.7719437244478","10.8966818933353"
"FBtr0086670","184.955922008087","142.856468802022","165.010280897447","320.485067036834","372.418005944711","341.401951678925","0.000613111216840807","1.56788197860301","3.91839468806038e-8","2.96469147954529","3.21246073840301"
"FBtr0089343","727.674632116149","642.639862995879","617.853938102642","1350.67151439955","1725.02081820807","1394.91267265044","1.58202184689307e-10","1.70822090909574","1.01107039489555e-14","3.2675762656373","9.80078752341761"
"FBtr0089360","341.458259902967","321.866488960188","357.383056328914","613.212811185581","679.812061961209","565.966519439522","0.000203197222692858","1.26965063811575","1.29863374891582e-8","2.41103173115567","3.69208223230057"
"FBtr0089361","186.962247860907","144.126231834287","170.150073731653","445.289416212342","510.322962956162","457.373835194167","2.6494517657107e-11","2.18049448335828","1.69326501291666e-15","4.53308899004411","10.5768439825759"
"FBtr0089348","314.089693586542","328.062514590928","343.720682755647","1294.86106638111","1382.12307623903","1178.50338942182","1.40512428281058e-46","2.85979730600153","8.98015135687723e-51","7.25913328608317","45.8522852608466"
"FBtr0089359","84.1845373225641","104.25346857036","126.976694957661","339.264227478537","309.753309047481","307.86626172988","8.36316558633624e-8","2.33472908138585","5.34490035555457e-12","5.04456224581952","7.07762930432484"
"FBtr0072864","1066.89315155734","818.287972481825","1148.58306188414","1827.07962025198","1921.6637041218","2054.68315571341","0.0000790722574954022","1.37144529833341","5.05350913883825e-9","2.58729632840111","4.10197586201443"
"FBtr0085423","198.968815418183","175.495825689273","205.277703548472","379.643347707493","411.981983742298","397.546405044782","0.0000113081403149247","1.51783948937468","7.2270341374862e-10","2.86361886563853","4.94660881128798"
"FBtr0077524","939.338907022539","899.922194257","1091.58025219967","1691.72632398242","1568.42351392021","1768.4270654702","0.0000111445491049129","1.1452444102656","7.12248297112089e-10","2.21183598709385","4.95293749786203"
"FBtr0078430","6.67349213643559","1.56407822668404","1.55887253346885","36.4243402097526","54.7545197770249","31.7093535268773","0.00150748096690238","5.58489997782932","9.63431307536512e-8","47.9979198418973","2.82174816245246"
"FBtr0080306","262.838204072991","261.785872230206","294.586908373437","478.292433093335","451.120262633416","461.437835733406","0.00886668556750707","1.12682198837931","5.66670004953478e-7","2.18377162310153","2.05223869231544"
"FBtr0075077","97.1657687913666","79.1717445613604","109.337304393238","324.18590747314","359.846744482151","293.111770210904","1.17764914584597e-10","2.58115503362804","7.52635742216382e-15","5.98418606624836","9.92898407858033"
"FBtr0302322","101.70218243611","81.7080745378972","65.8787906349375","197.868346151511","245.218179360947","235.554397431398","0.00106020092957033","2.11683998834947","6.77574569930547e-8","4.33742853744817","2.9746118193257"
"FBtr0329997","1167.03054037335","1206.88289900737","1415.09433703981","2186.05113987231","2203.4788822781","1876.96379027368","0.00114311998599494","1.06835122060574","7.30568151080039e-8","2.09703540707626","2.94190818209761"
"FBtr0086255","356.084141465472","362.344561580166","329.413831640963","877.580995997979","873.596174268653","905.613718705946","3.63156052596065e-23","1.9571607338584","2.32093086595555e-27","3.88297046534276","22.4399067132067"
"FBtr0309828","407.098652099289","348.392045163678","361.812268846483","873.744339921831","1036.66566464876","885.411902459065","5.43891966263015e-15","1.9303038807271","3.47601435587023e-19","3.81135470878458","14.2644873560284"
"FBtr0078191","905.742098850776","1093.15752750536","1053.49994371494","2409.6745400015","2285.54477753225","2210.02407775944","6.16827768939529e-18","1.72068619634786","3.94214717798638e-22","3.29593135683353","17.2098360830347"
"FBtr0100462","606.018745815235","488.378395824674","576.314221194505","872.932845964194","929.83633345965","1036.25144704345","0.00306522021943951","1.12339836517292","1.95898269280981e-7","2.17859551382944","2.51353831832283"
"FBtr0302513","266.8748865815","257.237994702829","268.144101492904","462.747479739803","480.007319428536","478.195483682799","0.0000831050401637908","1.2382168614325","5.31124433845407e-9","2.35906776560303","4.08037263627673"
"FBtr0112577","399.111917653481","358.264849386221","391.348471622886","695.260234560939","847.437669725996","624.765124299207","0.00196057183606041","1.34176863525015","1.25300174861661e-7","2.53461853514535","2.70761724036552"
"FBtr0070809","614.586363159973","698.158203594923","679.482477359832","1306.268744595","1347.87654939209","1209.72365350338","8.67405872499897e-12","1.39974766071539","5.54359220617305e-16","2.63855427623586","11.0617776419225"
"FBtr0076541","23.2486379980627","21.9182675446474","38.7393102449137","115.514894111553","94.8270437585874","118.204153929526","0.00216946287442356","2.89328125033239","1.38650404194003e-7","7.42958305871245","2.66364777746422"
"FBtr0307057","89.345775457914","67.4647264231424","66.5787542520507","181.228589688244","184.605365483304","245.387131552768","0.00324971259160351","2.12203828278707","2.07689179497891e-7","4.3530852769061","2.48815504683654"
"FBtr0332503","421.008321301811","386.683778427402","420.321955130178","818.096906633472","875.872656143234","802.227374112647","5.66504711851603e-12","1.49773133634506","3.62053244616606e-16","2.8239828679534","11.2467964735806"
"FBtr0303749","867.786206733503","905.564653368159","864.538270315845","1933.58407651198","2182.68003739703","1828.08277171594","1.64040157037589e-19","1.71260341623796","1.04838088475483e-23","3.2775173469585","18.7850498236291"
"FBtr0302896","59.100504314783","45.2088009002543","44.3152667518053","132.443112035081","143.806257678822","158.914253556321","0.000654709131698267","2.25148978352629","4.18424702306044e-8","4.76174308486898","3.18395160161885"
"FBtr0081484","111.793333161239","116.330244981431","88.9609426422463","267.12133063215","243.110488671027","286.899563110999","0.0000286664779679932","1.94891864532599","1.8320750283117e-9","3.86085037705004","4.54262566223408"
"FBtr0329895","302.946800335574","318.980945112667","360.94431188254","673.822896579673","640.735894065788","680.8463665274","3.96884269979528e-8","1.49805997771947","2.53648795283139e-12","2.82462623560862","7.40133611348001"
"FBtr0334282","30.872416178562","17.8064796871779","21.3969334713145","140.203212287136","150.842602921123","161.636460297518","2.66378000629419e-11","3.94884634518228","1.70242219357972e-15","15.4426275870739","10.5745016451165"
"FBtr0332042","266.741993933268","216.281866448862","245.086112712235","664.101364153971","772.659995405633","650.226154820087","8.88290272537947e-15","2.21396379413138","5.67706443751484e-19","4.63948218413553","14.0514450937238"
"FBtr0073423","132.921699419412","139.680616179167","141.503965966389","842.850223892019","735.83676904821","988.206689545304","1.84855708874904e-38","3.82546996498882","1.18141310714452e-42","14.1768977475265","37.7331671326236"
"FBtr0330722","248.866939475833","244.827562471031","228.613186329155","439.398892857979","447.435206954986","488.865107430362","0.0000339670495059481","1.3652356982349","2.17083463321711e-9","2.57618410502761","4.46894217579517"
"FBtr0308631","156.257211049593","145.199669164298","109.659532961184","415.194880990371","579.608182159998","363.740125907357","0.0000110778406423043","2.51010969817538","7.0798495828621e-10","5.69663392076586","4.95554488658649"
"FBtr0335013","46.9952528933884","19.9502869854762","19.0621205661817","140.872021637942","169.168395100093","171.823884689255","0.000692879097617709","3.64067089376911","4.42819133135878e-8","12.4724319578296","3.15934254001774"
"FBtr0332260","531.855804423539","416.15470769857","472.450554685863","1165.75729282619","1327.69031135425","1261.56549021372","1.43019773550831e-18","2.0446484193464","9.14039582992467e-23","4.12572716677958","17.8446039139312"
"FBtr0343358","60.9646889954685","23.2363640363153","22.345991997091","210.959393263806","254.261108133432","254.267667972568","0.0000950708924162527","4.01575335737617","6.0759821317986e-9","16.175667670912","4.02195242941353"
"FBtr0299525","473.61838063214","548.133133990197","542.377560883938","957.387111106724","853.832264029593","891.214017012139","0.0000432559468335282","1.15957407756549","2.76448819796308e-9","2.2339146670027","4.36395417722935"
"FBtr0299526","160.864481441401","167.858247806426","150.552178157345","363.092576118444","420.078549320869","310.817571337458","0.000102931421438365","1.74567937652257","6.5783486571461e-9","3.35352736950277","3.98745202976399"
"FBtr0076525","648.257851098295","597.088259471418","558.908328219634","1009.12271652679","1041.8622390969","1162.60746326426","0.00000113882125164853","1.22232512816729","7.27820829327368e-11","2.33322449970714","5.94354443704003"
"FBtr0344980","917.11589700984","696.550254280201","650.694175102283","1761.71351348925","2119.68587090525","2005.06515034197","6.13629250600117e-11","2.00940854382886","3.9217054425776e-15","4.02617126779235","10.2120939465306"
"FBtr0084112","529.073618685361","697.777668999237","598.011203649182","1105.50984984374","1040.21955860218","1016.24569779711","0.00124811287439161","1.16532736886107","7.97669121487575e-8","2.24284103215016","2.90374613700236"
"FBtr0307289","104.006473841447","74.6071462581902","27.0795501779017","603.853336057278","774.883108497348","587.49037095817","0.0000025765261869623","4.72038400367818","1.64665826481901e-10","26.3619284014199","5.58896543915461"